Branch_ID,Part_Number,Period,Actual,Pred_Croston
AMQ,SC-TWA-0002,2024-01-01,23.0,29.492686066855356
AMQ,SC-TWA-0002,2024-02-01,29.0,29.492686066855356
AMQ,SC-TWA-0002,2024-03-01,0.0,29.492686066855356
AMQ,SC-TWA-0002,2024-04-01,,29.492686066855356
AMQ,SC-TWA-0002,2024-05-01,0.0,29.492686066855356
AMQ,SC-TWA-0002,2024-06-01,37.0,29.492686066855356
AMQ,SC-TWA-0002,2024-07-01,53.0,29.492686066855356
AMQ,SC-TWA-0002,2024-08-01,32.0,29.492686066855356
AMQ,SC-TWA-0002,2024-09-01,24.0,29.492686066855356
AMQ,SC-TWA-0002,2024-10-01,24.0,29.492686066855356
AMQ,SC-TWA-0002,2024-11-01,30.0,29.492686066855356
AMQ,SC-TWA-0002,2024-12-01,37.0,29.492686066855356
BKL,SC-SUS-0016,2024-01-01,27.0,12.534478869031558
BKL,SC-SUS-0016,2024-02-01,0.0,12.534478869031558
BKL,SC-SUS-0016,2024-03-01,15.0,12.534478869031558
BKL,SC-SUS-0016,2024-04-01,13.0,12.534478869031558
BKL,SC-SUS-0016,2024-05-01,10.0,12.534478869031558
BKL,SC-SUS-0016,2024-06-01,52.0,12.534478869031558
BKL,SC-SUS-0016,2024-07-01,44.0,12.534478869031558
BKL,SC-SUS-0016,2024-08-01,33.0,12.534478869031558
BKL,SC-SUS-0016,2024-09-01,15.0,12.534478869031558
BKL,SC-SUS-0016,2024-10-01,14.0,12.534478869031558
BKL,SC-SUS-0016,2024-11-01,15.0,12.534478869031558
BKL,SC-SUS-0016,2024-12-01,19.0,12.534478869031558
BPN2,SC-TRN-0008,2024-01-01,71.0,74.4452407667925
BPN2,SC-TRN-0008,2024-02-01,51.0,74.4452407667925
BPN2,SC-TRN-0008,2024-03-01,60.0,74.4452407667925
BPN2,SC-TRN-0008,2024-04-01,64.0,74.4452407667925
BPN2,SC-TRN-0008,2024-05-01,85.0,74.4452407667925
BPN2,SC-TRN-0008,2024-06-01,65.0,74.4452407667925
BPN2,SC-TRN-0008,2024-07-01,66.0,74.4452407667925
BPN2,SC-TRN-0008,2024-08-01,60.0,74.4452407667925
BPN2,SC-TRN-0008,2024-09-01,55.0,74.4452407667925
BPN2,SC-TRN-0008,2024-10-01,58.0,74.4452407667925
BPN2,SC-TRN-0008,2024-11-01,60.0,74.4452407667925
BPN2,SC-TRN-0008,2024-12-01,0.0,74.4452407667925
BKL,SC-CLG-0008,2024-01-01,11.0,10.972166702161108
BKL,SC-CLG-0008,2024-02-01,18.0,10.972166702161108
BKL,SC-CLG-0008,2024-03-01,15.0,10.972166702161108
BKL,SC-CLG-0008,2024-04-01,13.0,10.972166702161108
BKL,SC-CLG-0008,2024-05-01,11.0,10.972166702161108
BKL,SC-CLG-0008,2024-06-01,14.0,10.972166702161108
BKL,SC-CLG-0008,2024-07-01,11.0,10.972166702161108
BKL,SC-CLG-0008,2024-08-01,13.0,10.972166702161108
BKL,SC-CLG-0008,2024-09-01,18.0,10.972166702161108
BKL,SC-CLG-0008,2024-10-01,16.0,10.972166702161108
BKL,SC-CLG-0008,2024-11-01,17.0,10.972166702161108
BKL,SC-CLG-0008,2024-12-01,0.0,10.972166702161108
SMG,SC-TWA-0002,2024-01-01,59.0,73.01320589785281
SMG,SC-TWA-0002,2024-02-01,62.0,73.01320589785281
SMG,SC-TWA-0002,2024-03-01,87.0,73.01320589785281
SMG,SC-TWA-0002,2024-04-01,57.0,73.01320589785281
SMG,SC-TWA-0002,2024-05-01,75.0,73.01320589785281
SMG,SC-TWA-0002,2024-06-01,82.0,73.01320589785281
SMG,SC-TWA-0002,2024-07-01,88.0,73.01320589785281
SMG,SC-TWA-0002,2024-08-01,85.0,73.01320589785281
SMG,SC-TWA-0002,2024-09-01,83.0,73.01320589785281
SMG,SC-TWA-0002,2024-10-01,177.0,73.01320589785281
SMG,SC-TWA-0002,2024-11-01,80.0,73.01320589785281
SMG,SC-TWA-0002,2024-12-01,60.0,73.01320589785281
YGY,SC-SUS-0024,2024-01-01,73.0,81.71215563368929
YGY,SC-SUS-0024,2024-02-01,86.0,81.71215563368929
YGY,SC-SUS-0024,2024-03-01,94.0,81.71215563368929
YGY,SC-SUS-0024,2024-04-01,82.0,81.71215563368929
YGY,SC-SUS-0024,2024-05-01,112.0,81.71215563368929
YGY,SC-SUS-0024,2024-06-01,85.0,81.71215563368929
YGY,SC-SUS-0024,2024-07-01,98.0,81.71215563368929
YGY,SC-SUS-0024,2024-08-01,80.0,81.71215563368929
YGY,SC-SUS-0024,2024-09-01,91.0,81.71215563368929
YGY,SC-SUS-0024,2024-10-01,101.0,81.71215563368929
YGY,SC-SUS-0024,2024-11-01,68.0,81.71215563368929
YGY,SC-SUS-0024,2024-12-01,0.0,81.71215563368929
SMD,SC-ELC-0009,2024-01-01,21.0,20.282119898948736
SMD,SC-ELC-0009,2024-02-01,17.0,20.282119898948736
SMD,SC-ELC-0009,2024-03-01,31.0,20.282119898948736
SMD,SC-ELC-0009,2024-04-01,0.0,20.282119898948736
SMD,SC-ELC-0009,2024-05-01,26.0,20.282119898948736
SMD,SC-ELC-0009,2024-06-01,34.0,20.282119898948736
SMD,SC-ELC-0009,2024-07-01,34.0,20.282119898948736
SMD,SC-ELC-0009,2024-08-01,39.0,20.282119898948736
SMD,SC-ELC-0009,2024-09-01,11.0,20.282119898948736
SMD,SC-ELC-0009,2024-10-01,21.0,20.282119898948736
SMD,SC-ELC-0009,2024-11-01,,20.282119898948736
SMD,SC-ELC-0009,2024-12-01,37.0,20.282119898948736
JKT,SC-ENG-0002,2024-01-01,61.0,52.8460750933868
JKT,SC-ENG-0002,2024-02-01,61.0,52.8460750933868
JKT,SC-ENG-0002,2024-03-01,82.0,52.8460750933868
JKT,SC-ENG-0002,2024-04-01,134.0,52.8460750933868
JKT,SC-ENG-0002,2024-05-01,59.0,52.8460750933868
JKT,SC-ENG-0002,2024-06-01,141.0,52.8460750933868
JKT,SC-ENG-0002,2024-07-01,87.0,52.8460750933868
JKT,SC-ENG-0002,2024-08-01,56.0,52.8460750933868
JKT,SC-ENG-0002,2024-09-01,78.0,52.8460750933868
JKT,SC-ENG-0002,2024-10-01,90.0,52.8460750933868
JKT,SC-ENG-0002,2024-11-01,83.0,52.8460750933868
JKT,SC-ENG-0002,2024-12-01,105.0,52.8460750933868
GTO,SC-ELC-0011,2024-01-01,93.0,74.8657124439291
GTO,SC-ELC-0011,2024-02-01,103.0,74.8657124439291
GTO,SC-ELC-0011,2024-03-01,75.0,74.8657124439291
GTO,SC-ELC-0011,2024-04-01,84.0,74.8657124439291
GTO,SC-ELC-0011,2024-05-01,0.0,74.8657124439291
GTO,SC-ELC-0011,2024-06-01,103.0,74.8657124439291
GTO,SC-ELC-0011,2024-07-01,126.0,74.8657124439291
GTO,SC-ELC-0011,2024-08-01,89.0,74.8657124439291
GTO,SC-ELC-0011,2024-09-01,96.0,74.8657124439291
GTO,SC-ELC-0011,2024-10-01,51.0,74.8657124439291
GTO,SC-ELC-0011,2024-11-01,100.0,74.8657124439291
GTO,SC-ELC-0011,2024-12-01,130.0,74.8657124439291
MLG,SC-CLG-0004,2024-01-01,95.0,71.52902841016252
MLG,SC-CLG-0004,2024-02-01,58.0,71.52902841016252
MLG,SC-CLG-0004,2024-03-01,74.0,71.52902841016252
MLG,SC-CLG-0004,2024-04-01,118.0,71.52902841016252
MLG,SC-CLG-0004,2024-05-01,93.0,71.52902841016252
MLG,SC-CLG-0004,2024-06-01,114.0,71.52902841016252
MLG,SC-CLG-0004,2024-07-01,102.0,71.52902841016252
MLG,SC-CLG-0004,2024-08-01,85.0,71.52902841016252
MLG,SC-CLG-0004,2024-09-01,95.0,71.52902841016252
MLG,SC-CLG-0004,2024-10-01,130.0,71.52902841016252
MLG,SC-CLG-0004,2024-11-01,104.0,71.52902841016252
MLG,SC-CLG-0004,2024-12-01,87.0,71.52902841016252
TRK,SC-ELC-0003,2024-01-01,0.0,22.545336040259965
TRK,SC-ELC-0003,2024-02-01,23.0,22.545336040259965
TRK,SC-ELC-0003,2024-03-01,21.0,22.545336040259965
TRK,SC-ELC-0003,2024-04-01,29.0,22.545336040259965
TRK,SC-ELC-0003,2024-05-01,37.0,22.545336040259965
TRK,SC-ELC-0003,2024-06-01,33.0,22.545336040259965
TRK,SC-ELC-0003,2024-07-01,32.0,22.545336040259965
TRK,SC-ELC-0003,2024-08-01,28.0,22.545336040259965
TRK,SC-ELC-0003,2024-09-01,15.0,22.545336040259965
TRK,SC-ELC-0003,2024-10-01,14.0,22.545336040259965
TRK,SC-ELC-0003,2024-11-01,27.0,22.545336040259965
TRK,SC-ELC-0003,2024-12-01,0.0,22.545336040259965
JAY,SC-BRK-0003,2024-01-01,99.0,89.70768554199059
JAY,SC-BRK-0003,2024-02-01,,89.70768554199059
JAY,SC-BRK-0003,2024-03-01,98.0,89.70768554199059
JAY,SC-BRK-0003,2024-04-01,86.0,89.70768554199059
JAY,SC-BRK-0003,2024-05-01,135.0,89.70768554199059
JAY,SC-BRK-0003,2024-06-01,110.0,89.70768554199059
JAY,SC-BRK-0003,2024-07-01,117.0,89.70768554199059
JAY,SC-BRK-0003,2024-08-01,,89.70768554199059
JAY,SC-BRK-0003,2024-09-01,76.0,89.70768554199059
JAY,SC-BRK-0003,2024-10-01,308.0,89.70768554199059
JAY,SC-BRK-0003,2024-11-01,117.0,89.70768554199059
JAY,SC-BRK-0003,2024-12-01,147.0,89.70768554199059
BJM,SC-BRK-0003,2024-01-01,,41.72128642453352
BJM,SC-BRK-0003,2024-02-01,66.0,41.72128642453352
BJM,SC-BRK-0003,2024-03-01,0.0,41.72128642453352
BJM,SC-BRK-0003,2024-04-01,92.0,41.72128642453352
BJM,SC-BRK-0003,2024-05-01,84.0,41.72128642453352
BJM,SC-BRK-0003,2024-06-01,93.0,41.72128642453352
BJM,SC-BRK-0003,2024-07-01,62.0,41.72128642453352
BJM,SC-BRK-0003,2024-08-01,,41.72128642453352
BJM,SC-BRK-0003,2024-09-01,51.0,41.72128642453352
BJM,SC-BRK-0003,2024-10-01,62.0,41.72128642453352
BJM,SC-BRK-0003,2024-11-01,49.0,41.72128642453352
BJM,SC-BRK-0003,2024-12-01,55.0,41.72128642453352
SMD,SC-TRN-0004,2024-01-01,21.0,30.62485212558726
SMD,SC-TRN-0004,2024-02-01,32.0,30.62485212558726
SMD,SC-TRN-0004,2024-03-01,36.0,30.62485212558726
SMD,SC-TRN-0004,2024-04-01,35.0,30.62485212558726
SMD,SC-TRN-0004,2024-05-01,0.0,30.62485212558726
SMD,SC-TRN-0004,2024-06-01,35.0,30.62485212558726
SMD,SC-TRN-0004,2024-07-01,,30.62485212558726
SMD,SC-TRN-0004,2024-08-01,26.0,30.62485212558726
SMD,SC-TRN-0004,2024-09-01,28.0,30.62485212558726
SMD,SC-TRN-0004,2024-10-01,0.0,30.62485212558726
SMD,SC-TRN-0004,2024-11-01,33.0,30.62485212558726
SMD,SC-TRN-0004,2024-12-01,44.0,30.62485212558726
BJM,SC-HYD-0010,2024-01-01,52.0,42.898263313100664
BJM,SC-HYD-0010,2024-02-01,51.0,42.898263313100664
BJM,SC-HYD-0010,2024-03-01,51.0,42.898263313100664
BJM,SC-HYD-0010,2024-04-01,63.0,42.898263313100664
BJM,SC-HYD-0010,2024-05-01,53.0,42.898263313100664
BJM,SC-HYD-0010,2024-06-01,0.0,42.898263313100664
BJM,SC-HYD-0010,2024-07-01,79.0,42.898263313100664
BJM,SC-HYD-0010,2024-08-01,,42.898263313100664
BJM,SC-HYD-0010,2024-09-01,57.0,42.898263313100664
BJM,SC-HYD-0010,2024-10-01,56.0,42.898263313100664
BJM,SC-HYD-0010,2024-11-01,66.0,42.898263313100664
BJM,SC-HYD-0010,2024-12-01,70.0,42.898263313100664
SMG,SC-SUS-0008,2024-01-01,94.0,62.12234890284127
SMG,SC-SUS-0008,2024-02-01,79.0,62.12234890284127
SMG,SC-SUS-0008,2024-03-01,72.0,62.12234890284127
SMG,SC-SUS-0008,2024-04-01,105.0,62.12234890284127
SMG,SC-SUS-0008,2024-05-01,71.0,62.12234890284127
SMG,SC-SUS-0008,2024-06-01,96.0,62.12234890284127
SMG,SC-SUS-0008,2024-07-01,89.0,62.12234890284127
SMG,SC-SUS-0008,2024-08-01,61.0,62.12234890284127
SMG,SC-SUS-0008,2024-09-01,64.0,62.12234890284127
SMG,SC-SUS-0008,2024-10-01,46.0,62.12234890284127
SMG,SC-SUS-0008,2024-11-01,78.0,62.12234890284127
SMG,SC-SUS-0008,2024-12-01,111.0,62.12234890284127
BPN2,SC-BRK-0010,2024-01-01,45.0,43.98230934409792
BPN2,SC-BRK-0010,2024-02-01,52.0,43.98230934409792
BPN2,SC-BRK-0010,2024-03-01,27.0,43.98230934409792
BPN2,SC-BRK-0010,2024-04-01,64.0,43.98230934409792
BPN2,SC-BRK-0010,2024-05-01,49.0,43.98230934409792
BPN2,SC-BRK-0010,2024-06-01,50.0,43.98230934409792
BPN2,SC-BRK-0010,2024-07-01,0.0,43.98230934409792
BPN2,SC-BRK-0010,2024-08-01,47.0,43.98230934409792
BPN2,SC-BRK-0010,2024-09-01,41.0,43.98230934409792
BPN2,SC-BRK-0010,2024-10-01,39.0,43.98230934409792
BPN2,SC-BRK-0010,2024-11-01,62.0,43.98230934409792
BPN2,SC-BRK-0010,2024-12-01,70.0,43.98230934409792
SMG,SC-ELC-0011,2024-01-01,135.0,101.71515387091912
SMG,SC-ELC-0011,2024-02-01,0.0,101.71515387091912
SMG,SC-ELC-0011,2024-03-01,103.0,101.71515387091912
SMG,SC-ELC-0011,2024-04-01,159.0,101.71515387091912
SMG,SC-ELC-0011,2024-05-01,115.0,101.71515387091912
SMG,SC-ELC-0011,2024-06-01,0.0,101.71515387091912
SMG,SC-ELC-0011,2024-07-01,113.0,101.71515387091912
SMG,SC-ELC-0011,2024-08-01,0.0,101.71515387091912
SMG,SC-ELC-0011,2024-09-01,109.0,101.71515387091912
SMG,SC-ELC-0011,2024-10-01,141.0,101.71515387091912
SMG,SC-ELC-0011,2024-11-01,156.0,101.71515387091912
SMG,SC-ELC-0011,2024-12-01,129.0,101.71515387091912
PKU,SC-CLG-0008,2024-01-01,60.0,66.11645981767197
PKU,SC-CLG-0008,2024-02-01,71.0,66.11645981767197
PKU,SC-CLG-0008,2024-03-01,45.0,66.11645981767197
PKU,SC-CLG-0008,2024-04-01,55.0,66.11645981767197
PKU,SC-CLG-0008,2024-05-01,58.0,66.11645981767197
PKU,SC-CLG-0008,2024-06-01,0.0,66.11645981767197
PKU,SC-CLG-0008,2024-07-01,68.0,66.11645981767197
PKU,SC-CLG-0008,2024-08-01,88.0,66.11645981767197
PKU,SC-CLG-0008,2024-09-01,64.0,66.11645981767197
PKU,SC-CLG-0008,2024-10-01,130.0,66.11645981767197
PKU,SC-CLG-0008,2024-11-01,113.0,66.11645981767197
PKU,SC-CLG-0008,2024-12-01,88.0,66.11645981767197
MDN,SC-TRN-0008,2024-01-01,78.0,99.0182237996033
MDN,SC-TRN-0008,2024-02-01,73.0,99.0182237996033
MDN,SC-TRN-0008,2024-03-01,110.0,99.0182237996033
MDN,SC-TRN-0008,2024-04-01,,99.0182237996033
MDN,SC-TRN-0008,2024-05-01,107.0,99.0182237996033
MDN,SC-TRN-0008,2024-06-01,78.0,99.0182237996033
MDN,SC-TRN-0008,2024-07-01,,99.0182237996033
MDN,SC-TRN-0008,2024-08-01,76.0,99.0182237996033
MDN,SC-TRN-0008,2024-09-01,116.0,99.0182237996033
MDN,SC-TRN-0008,2024-10-01,74.0,99.0182237996033
MDN,SC-TRN-0008,2024-11-01,236.0,99.0182237996033
MDN,SC-TRN-0008,2024-12-01,105.0,99.0182237996033
KPG,SC-TRN-0009,2024-01-01,34.0,11.997101702425175
KPG,SC-TRN-0009,2024-02-01,14.0,11.997101702425175
KPG,SC-TRN-0009,2024-03-01,13.0,11.997101702425175
KPG,SC-TRN-0009,2024-04-01,22.0,11.997101702425175
KPG,SC-TRN-0009,2024-05-01,0.0,11.997101702425175
KPG,SC-TRN-0009,2024-06-01,13.0,11.997101702425175
KPG,SC-TRN-0009,2024-07-01,31.0,11.997101702425175
KPG,SC-TRN-0009,2024-08-01,21.0,11.997101702425175
KPG,SC-TRN-0009,2024-09-01,0.0,11.997101702425175
KPG,SC-TRN-0009,2024-10-01,,11.997101702425175
KPG,SC-TRN-0009,2024-11-01,16.0,11.997101702425175
KPG,SC-TRN-0009,2024-12-01,37.0,11.997101702425175
TRK,SC-ENG-0007,2024-01-01,34.0,52.32410646095525
TRK,SC-ENG-0007,2024-02-01,16.0,52.32410646095525
TRK,SC-ENG-0007,2024-03-01,0.0,52.32410646095525
TRK,SC-ENG-0007,2024-04-01,21.0,52.32410646095525
TRK,SC-ENG-0007,2024-05-01,0.0,52.32410646095525
TRK,SC-ENG-0007,2024-06-01,48.0,52.32410646095525
TRK,SC-ENG-0007,2024-07-01,15.0,52.32410646095525
TRK,SC-ENG-0007,2024-08-01,25.0,52.32410646095525
TRK,SC-ENG-0007,2024-09-01,35.0,52.32410646095525
TRK,SC-ENG-0007,2024-10-01,27.0,52.32410646095525
TRK,SC-ENG-0007,2024-11-01,0.0,52.32410646095525
TRK,SC-ENG-0007,2024-12-01,75.0,52.32410646095525
LHK,SC-SUS-0022,2024-01-01,8.0,10.192459434429319
LHK,SC-SUS-0022,2024-02-01,0.0,10.192459434429319
LHK,SC-SUS-0022,2024-03-01,8.0,10.192459434429319
LHK,SC-SUS-0022,2024-04-01,3.0,10.192459434429319
LHK,SC-SUS-0022,2024-05-01,16.0,10.192459434429319
LHK,SC-SUS-0022,2024-06-01,20.0,10.192459434429319
LHK,SC-SUS-0022,2024-07-01,0.0,10.192459434429319
LHK,SC-SUS-0022,2024-08-01,17.0,10.192459434429319
LHK,SC-SUS-0022,2024-09-01,0.0,10.192459434429319
LHK,SC-SUS-0022,2024-10-01,6.0,10.192459434429319
LHK,SC-SUS-0022,2024-11-01,14.0,10.192459434429319
LHK,SC-SUS-0022,2024-12-01,0.0,10.192459434429319
PLB,SC-ELC-0008,2024-01-01,4.0,3.7948071437049493
PLB,SC-ELC-0008,2024-02-01,6.0,3.7948071437049493
PLB,SC-ELC-0008,2024-03-01,0.0,3.7948071437049493
PLB,SC-ELC-0008,2024-04-01,0.0,3.7948071437049493
PLB,SC-ELC-0008,2024-05-01,7.0,3.7948071437049493
PLB,SC-ELC-0008,2024-06-01,6.0,3.7948071437049493
PLB,SC-ELC-0008,2024-07-01,,3.7948071437049493
PLB,SC-ELC-0008,2024-08-01,10.0,3.7948071437049493
PLB,SC-ELC-0008,2024-09-01,5.0,3.7948071437049493
PLB,SC-ELC-0008,2024-10-01,0.0,3.7948071437049493
PLB,SC-ELC-0008,2024-11-01,5.0,3.7948071437049493
PLB,SC-ELC-0008,2024-12-01,7.0,3.7948071437049493
PTK,SC-TRN-0012,2024-01-01,,11.392914718118268
PTK,SC-TRN-0012,2024-02-01,21.0,11.392914718118268
PTK,SC-TRN-0012,2024-03-01,24.0,11.392914718118268
PTK,SC-TRN-0012,2024-04-01,0.0,11.392914718118268
PTK,SC-TRN-0012,2024-05-01,22.0,11.392914718118268
PTK,SC-TRN-0012,2024-06-01,31.0,11.392914718118268
PTK,SC-TRN-0012,2024-07-01,19.0,11.392914718118268
PTK,SC-TRN-0012,2024-08-01,19.0,11.392914718118268
PTK,SC-TRN-0012,2024-09-01,11.0,11.392914718118268
PTK,SC-TRN-0012,2024-10-01,33.0,11.392914718118268
PTK,SC-TRN-0012,2024-11-01,0.0,11.392914718118268
PTK,SC-TRN-0012,2024-12-01,17.0,11.392914718118268
BPN2,SC-FLT-0013,2024-01-01,0.0,33.79546316230588
BPN2,SC-FLT-0013,2024-02-01,14.0,33.79546316230588
BPN2,SC-FLT-0013,2024-03-01,16.0,33.79546316230588
BPN2,SC-FLT-0013,2024-04-01,6.0,33.79546316230588
BPN2,SC-FLT-0013,2024-05-01,11.0,33.79546316230588
BPN2,SC-FLT-0013,2024-06-01,22.0,33.79546316230588
BPN2,SC-FLT-0013,2024-07-01,0.0,33.79546316230588
BPN2,SC-FLT-0013,2024-08-01,23.0,33.79546316230588
BPN2,SC-FLT-0013,2024-09-01,7.0,33.79546316230588
BPN2,SC-FLT-0013,2024-10-01,42.0,33.79546316230588
BPN2,SC-FLT-0013,2024-11-01,17.0,33.79546316230588
BPN2,SC-FLT-0013,2024-12-01,13.0,33.79546316230588
SRG,SC-FUE-0002,2024-01-01,9.0,15.752916965401603
SRG,SC-FUE-0002,2024-02-01,16.0,15.752916965401603
SRG,SC-FUE-0002,2024-03-01,14.0,15.752916965401603
SRG,SC-FUE-0002,2024-04-01,17.0,15.752916965401603
SRG,SC-FUE-0002,2024-05-01,21.0,15.752916965401603
SRG,SC-FUE-0002,2024-06-01,23.0,15.752916965401603
SRG,SC-FUE-0002,2024-07-01,0.0,15.752916965401603
SRG,SC-FUE-0002,2024-08-01,26.0,15.752916965401603
SRG,SC-FUE-0002,2024-09-01,19.0,15.752916965401603
SRG,SC-FUE-0002,2024-10-01,12.0,15.752916965401603
SRG,SC-FUE-0002,2024-11-01,0.0,15.752916965401603
SRG,SC-FUE-0002,2024-12-01,28.0,15.752916965401603
MDN,SC-SUS-0022,2024-01-01,0.0,18.885609435096008
MDN,SC-SUS-0022,2024-02-01,20.0,18.885609435096008
MDN,SC-SUS-0022,2024-03-01,31.0,18.885609435096008
MDN,SC-SUS-0022,2024-04-01,35.0,18.885609435096008
MDN,SC-SUS-0022,2024-05-01,36.0,18.885609435096008
MDN,SC-SUS-0022,2024-06-01,47.0,18.885609435096008
MDN,SC-SUS-0022,2024-07-01,39.0,18.885609435096008
MDN,SC-SUS-0022,2024-08-01,0.0,18.885609435096008
MDN,SC-SUS-0022,2024-09-01,0.0,18.885609435096008
MDN,SC-SUS-0022,2024-10-01,37.0,18.885609435096008
MDN,SC-SUS-0022,2024-11-01,29.0,18.885609435096008
MDN,SC-SUS-0022,2024-12-01,23.0,18.885609435096008
PTK,SC-ENG-0005,2024-01-01,0.0,15.991956736218338
PTK,SC-ENG-0005,2024-02-01,27.0,15.991956736218338
PTK,SC-ENG-0005,2024-03-01,30.0,15.991956736218338
PTK,SC-ENG-0005,2024-04-01,0.0,15.991956736218338
PTK,SC-ENG-0005,2024-05-01,41.0,15.991956736218338
PTK,SC-ENG-0005,2024-06-01,0.0,15.991956736218338
PTK,SC-ENG-0005,2024-07-01,65.0,15.991956736218338
PTK,SC-ENG-0005,2024-08-01,0.0,15.991956736218338
PTK,SC-ENG-0005,2024-09-01,33.0,15.991956736218338
PTK,SC-ENG-0005,2024-10-01,40.0,15.991956736218338
PTK,SC-ENG-0005,2024-11-01,0.0,15.991956736218338
PTK,SC-ENG-0005,2024-12-01,30.0,15.991956736218338
MLG,SC-TRN-0001,2024-01-01,11.0,9.33273890857901
MLG,SC-TRN-0001,2024-02-01,4.0,9.33273890857901
MLG,SC-TRN-0001,2024-03-01,0.0,9.33273890857901
MLG,SC-TRN-0001,2024-04-01,7.0,9.33273890857901
MLG,SC-TRN-0001,2024-05-01,15.0,9.33273890857901
MLG,SC-TRN-0001,2024-06-01,23.0,9.33273890857901
MLG,SC-TRN-0001,2024-07-01,0.0,9.33273890857901
MLG,SC-TRN-0001,2024-08-01,0.0,9.33273890857901
MLG,SC-TRN-0001,2024-09-01,7.0,9.33273890857901
MLG,SC-TRN-0001,2024-10-01,14.0,9.33273890857901
MLG,SC-TRN-0001,2024-11-01,9.0,9.33273890857901
MLG,SC-TRN-0001,2024-12-01,15.0,9.33273890857901
BJM,SC-TRN-0012,2024-01-01,0.0,13.228135890705213
BJM,SC-TRN-0012,2024-02-01,21.0,13.228135890705213
BJM,SC-TRN-0012,2024-03-01,20.0,13.228135890705213
BJM,SC-TRN-0012,2024-04-01,0.0,13.228135890705213
BJM,SC-TRN-0012,2024-05-01,0.0,13.228135890705213
BJM,SC-TRN-0012,2024-06-01,21.0,13.228135890705213
BJM,SC-TRN-0012,2024-07-01,10.0,13.228135890705213
BJM,SC-TRN-0012,2024-08-01,0.0,13.228135890705213
BJM,SC-TRN-0012,2024-09-01,12.0,13.228135890705213
BJM,SC-TRN-0012,2024-10-01,0.0,13.228135890705213
BJM,SC-TRN-0012,2024-11-01,15.0,13.228135890705213
BJM,SC-TRN-0012,2024-12-01,21.0,13.228135890705213
SRG,SC-HYD-0003,2024-01-01,11.0,27.458106069639484
SRG,SC-HYD-0003,2024-02-01,0.0,27.458106069639484
SRG,SC-HYD-0003,2024-03-01,0.0,27.458106069639484
SRG,SC-HYD-0003,2024-04-01,0.0,27.458106069639484
SRG,SC-HYD-0003,2024-05-01,0.0,27.458106069639484
SRG,SC-HYD-0003,2024-06-01,38.0,27.458106069639484
SRG,SC-HYD-0003,2024-07-01,57.0,27.458106069639484
SRG,SC-HYD-0003,2024-08-01,81.0,27.458106069639484
SRG,SC-HYD-0003,2024-09-01,34.0,27.458106069639484
SRG,SC-HYD-0003,2024-10-01,0.0,27.458106069639484
SRG,SC-HYD-0003,2024-11-01,0.0,27.458106069639484
SRG,SC-HYD-0003,2024-12-01,0.0,27.458106069639484
CRB,SC-FUE-0003,2024-01-01,4.0,6.827781760810505
CRB,SC-FUE-0003,2024-02-01,8.0,6.827781760810505
CRB,SC-FUE-0003,2024-03-01,9.0,6.827781760810505
CRB,SC-FUE-0003,2024-04-01,,6.827781760810505
CRB,SC-FUE-0003,2024-05-01,45.0,6.827781760810505
CRB,SC-FUE-0003,2024-06-01,0.0,6.827781760810505
CRB,SC-FUE-0003,2024-07-01,10.0,6.827781760810505
CRB,SC-FUE-0003,2024-08-01,9.0,6.827781760810505
CRB,SC-FUE-0003,2024-09-01,,6.827781760810505
CRB,SC-FUE-0003,2024-10-01,5.0,6.827781760810505
CRB,SC-FUE-0003,2024-11-01,0.0,6.827781760810505
CRB,SC-FUE-0003,2024-12-01,0.0,6.827781760810505
MND,SC-SUS-0001,2024-01-01,5.0,3.060712622788241
MND,SC-SUS-0001,2024-02-01,4.0,3.060712622788241
MND,SC-SUS-0001,2024-03-01,0.0,3.060712622788241
MND,SC-SUS-0001,2024-04-01,6.0,3.060712622788241
MND,SC-SUS-0001,2024-05-01,9.0,3.060712622788241
MND,SC-SUS-0001,2024-06-01,6.0,3.060712622788241
MND,SC-SUS-0001,2024-07-01,4.0,3.060712622788241
MND,SC-SUS-0001,2024-08-01,5.0,3.060712622788241
MND,SC-SUS-0001,2024-09-01,6.0,3.060712622788241
MND,SC-SUS-0001,2024-10-01,0.0,3.060712622788241
MND,SC-SUS-0001,2024-11-01,6.0,3.060712622788241
MND,SC-SUS-0001,2024-12-01,8.0,3.060712622788241
BTH,SC-FLT-0006,2024-01-01,0.0,9.298829674044534
BTH,SC-FLT-0006,2024-02-01,14.0,9.298829674044534
BTH,SC-FLT-0006,2024-03-01,,9.298829674044534
BTH,SC-FLT-0006,2024-04-01,71.0,9.298829674044534
BTH,SC-FLT-0006,2024-05-01,23.0,9.298829674044534
BTH,SC-FLT-0006,2024-06-01,12.0,9.298829674044534
BTH,SC-FLT-0006,2024-07-01,18.0,9.298829674044534
BTH,SC-FLT-0006,2024-08-01,0.0,9.298829674044534
BTH,SC-FLT-0006,2024-09-01,19.0,9.298829674044534
BTH,SC-FLT-0006,2024-10-01,12.0,9.298829674044534
BTH,SC-FLT-0006,2024-11-01,0.0,9.298829674044534
BTH,SC-FLT-0006,2024-12-01,0.0,9.298829674044534
SMG,SC-TRN-0016,2024-01-01,11.0,7.374110448452283
SMG,SC-TRN-0016,2024-02-01,18.0,7.374110448452283
SMG,SC-TRN-0016,2024-03-01,14.0,7.374110448452283
SMG,SC-TRN-0016,2024-04-01,8.0,7.374110448452283
SMG,SC-TRN-0016,2024-05-01,8.0,7.374110448452283
SMG,SC-TRN-0016,2024-06-01,14.0,7.374110448452283
SMG,SC-TRN-0016,2024-07-01,14.0,7.374110448452283
SMG,SC-TRN-0016,2024-08-01,0.0,7.374110448452283
SMG,SC-TRN-0016,2024-09-01,20.0,7.374110448452283
SMG,SC-TRN-0016,2024-10-01,13.0,7.374110448452283
SMG,SC-TRN-0016,2024-11-01,0.0,7.374110448452283
SMG,SC-TRN-0016,2024-12-01,8.0,7.374110448452283
SMD,SC-HYD-0001,2024-01-01,10.0,7.328870923011962
SMD,SC-HYD-0001,2024-02-01,0.0,7.328870923011962
SMD,SC-HYD-0001,2024-03-01,0.0,7.328870923011962
SMD,SC-HYD-0001,2024-04-01,8.0,7.328870923011962
SMD,SC-HYD-0001,2024-05-01,26.0,7.328870923011962
SMD,SC-HYD-0001,2024-06-01,0.0,7.328870923011962
SMD,SC-HYD-0001,2024-07-01,0.0,7.328870923011962
SMD,SC-HYD-0001,2024-08-01,17.0,7.328870923011962
SMD,SC-HYD-0001,2024-09-01,17.0,7.328870923011962
SMD,SC-HYD-0001,2024-10-01,13.0,7.328870923011962
SMD,SC-HYD-0001,2024-11-01,,7.328870923011962
SMD,SC-HYD-0001,2024-12-01,23.0,7.328870923011962
MLG,SC-FUE-0002,2024-01-01,,12.11605863051227
MLG,SC-FUE-0002,2024-02-01,22.0,12.11605863051227
MLG,SC-FUE-0002,2024-03-01,0.0,12.11605863051227
MLG,SC-FUE-0002,2024-04-01,32.0,12.11605863051227
MLG,SC-FUE-0002,2024-05-01,28.0,12.11605863051227
MLG,SC-FUE-0002,2024-06-01,26.0,12.11605863051227
MLG,SC-FUE-0002,2024-07-01,25.0,12.11605863051227
MLG,SC-FUE-0002,2024-08-01,14.0,12.11605863051227
MLG,SC-FUE-0002,2024-09-01,10.0,12.11605863051227
MLG,SC-FUE-0002,2024-10-01,18.0,12.11605863051227
MLG,SC-FUE-0002,2024-11-01,20.0,12.11605863051227
MLG,SC-FUE-0002,2024-12-01,18.0,12.11605863051227
MTR,SC-CLG-0007,2024-01-01,37.0,29.955047451767662
MTR,SC-CLG-0007,2024-02-01,43.0,29.955047451767662
MTR,SC-CLG-0007,2024-03-01,0.0,29.955047451767662
MTR,SC-CLG-0007,2024-04-01,57.0,29.955047451767662
MTR,SC-CLG-0007,2024-05-01,70.0,29.955047451767662
MTR,SC-CLG-0007,2024-06-01,83.0,29.955047451767662
MTR,SC-CLG-0007,2024-07-01,24.0,29.955047451767662
MTR,SC-CLG-0007,2024-08-01,0.0,29.955047451767662
MTR,SC-CLG-0007,2024-09-01,0.0,29.955047451767662
MTR,SC-CLG-0007,2024-10-01,38.0,29.955047451767662
MTR,SC-CLG-0007,2024-11-01,37.0,29.955047451767662
MTR,SC-CLG-0007,2024-12-01,40.0,29.955047451767662
MND,SC-TWA-0004,2024-01-01,15.0,9.339901595179315
MND,SC-TWA-0004,2024-02-01,7.0,9.339901595179315
MND,SC-TWA-0004,2024-03-01,11.0,9.339901595179315
MND,SC-TWA-0004,2024-04-01,0.0,9.339901595179315
MND,SC-TWA-0004,2024-05-01,12.0,9.339901595179315
MND,SC-TWA-0004,2024-06-01,23.0,9.339901595179315
MND,SC-TWA-0004,2024-07-01,7.0,9.339901595179315
MND,SC-TWA-0004,2024-08-01,8.0,9.339901595179315
MND,SC-TWA-0004,2024-09-01,11.0,9.339901595179315
MND,SC-TWA-0004,2024-10-01,9.0,9.339901595179315
MND,SC-TWA-0004,2024-11-01,0.0,9.339901595179315
MND,SC-TWA-0004,2024-12-01,6.0,9.339901595179315
PKU,SC-ENG-0004,2024-01-01,9.0,1.4081097564228722
PKU,SC-ENG-0004,2024-02-01,0.0,1.4081097564228722
PKU,SC-ENG-0004,2024-03-01,10.0,1.4081097564228722
PKU,SC-ENG-0004,2024-04-01,5.0,1.4081097564228722
PKU,SC-ENG-0004,2024-05-01,5.0,1.4081097564228722
PKU,SC-ENG-0004,2024-06-01,8.0,1.4081097564228722
PKU,SC-ENG-0004,2024-07-01,0.0,1.4081097564228722
PKU,SC-ENG-0004,2024-08-01,0.0,1.4081097564228722
PKU,SC-ENG-0004,2024-09-01,0.0,1.4081097564228722
PKU,SC-ENG-0004,2024-10-01,0.0,1.4081097564228722
PKU,SC-ENG-0004,2024-11-01,0.0,1.4081097564228722
PKU,SC-ENG-0004,2024-12-01,0.0,1.4081097564228722
SBY,SC-HYD-0011,2024-01-01,0.0,1.8627355070129692
SBY,SC-HYD-0011,2024-02-01,0.0,1.8627355070129692
SBY,SC-HYD-0011,2024-03-01,10.0,1.8627355070129692
SBY,SC-HYD-0011,2024-04-01,0.0,1.8627355070129692
SBY,SC-HYD-0011,2024-05-01,0.0,1.8627355070129692
SBY,SC-HYD-0011,2024-06-01,0.0,1.8627355070129692
SBY,SC-HYD-0011,2024-07-01,0.0,1.8627355070129692
SBY,SC-HYD-0011,2024-08-01,8.0,1.8627355070129692
SBY,SC-HYD-0011,2024-09-01,91.0,1.8627355070129692
SBY,SC-HYD-0011,2024-10-01,1.0,1.8627355070129692
SBY,SC-HYD-0011,2024-11-01,9.0,1.8627355070129692
SBY,SC-HYD-0011,2024-12-01,16.0,1.8627355070129692
SRG,SC-SUS-0023,2024-01-01,5.0,2.123603765821887
SRG,SC-SUS-0023,2024-02-01,0.0,2.123603765821887
SRG,SC-SUS-0023,2024-03-01,0.0,2.123603765821887
SRG,SC-SUS-0023,2024-04-01,0.0,2.123603765821887
SRG,SC-SUS-0023,2024-05-01,0.0,2.123603765821887
SRG,SC-SUS-0023,2024-06-01,0.0,2.123603765821887
SRG,SC-SUS-0023,2024-07-01,0.0,2.123603765821887
SRG,SC-SUS-0023,2024-08-01,0.0,2.123603765821887
SRG,SC-SUS-0023,2024-09-01,0.0,2.123603765821887
SRG,SC-SUS-0023,2024-10-01,0.0,2.123603765821887
SRG,SC-SUS-0023,2024-11-01,2.0,2.123603765821887
SRG,SC-SUS-0023,2024-12-01,0.0,2.123603765821887
DPS,SC-ENG-0009,2024-01-01,0.0,0.0922904448302293
DPS,SC-ENG-0009,2024-02-01,0.0,0.0922904448302293
DPS,SC-ENG-0009,2024-03-01,1.0,0.0922904448302293
DPS,SC-ENG-0009,2024-04-01,0.0,0.0922904448302293
DPS,SC-ENG-0009,2024-05-01,0.0,0.0922904448302293
DPS,SC-ENG-0009,2024-06-01,0.0,0.0922904448302293
DPS,SC-ENG-0009,2024-07-01,0.0,0.0922904448302293
DPS,SC-ENG-0009,2024-08-01,0.0,0.0922904448302293
DPS,SC-ENG-0009,2024-09-01,0.0,0.0922904448302293
DPS,SC-ENG-0009,2024-10-01,0.0,0.0922904448302293
DPS,SC-ENG-0009,2024-11-01,1.0,0.0922904448302293
DPS,SC-ENG-0009,2024-12-01,0.0,0.0922904448302293
BTH,SC-SUS-0011,2024-01-01,10.0,1.0490388379561686
BTH,SC-SUS-0011,2024-02-01,0.0,1.0490388379561686
BTH,SC-SUS-0011,2024-03-01,3.0,1.0490388379561686
BTH,SC-SUS-0011,2024-04-01,0.0,1.0490388379561686
BTH,SC-SUS-0011,2024-05-01,,1.0490388379561686
BTH,SC-SUS-0011,2024-06-01,0.0,1.0490388379561686
BTH,SC-SUS-0011,2024-07-01,2.0,1.0490388379561686
BTH,SC-SUS-0011,2024-08-01,0.0,1.0490388379561686
BTH,SC-SUS-0011,2024-09-01,0.0,1.0490388379561686
BTH,SC-SUS-0011,2024-10-01,0.0,1.0490388379561686
BTH,SC-SUS-0011,2024-11-01,3.0,1.0490388379561686
BTH,SC-SUS-0011,2024-12-01,0.0,1.0490388379561686
KDI,SC-FLT-0004,2024-01-01,0.0,1.8396825422180494
KDI,SC-FLT-0004,2024-02-01,0.0,1.8396825422180494
KDI,SC-FLT-0004,2024-03-01,0.0,1.8396825422180494
KDI,SC-FLT-0004,2024-04-01,0.0,1.8396825422180494
KDI,SC-FLT-0004,2024-05-01,0.0,1.8396825422180494
KDI,SC-FLT-0004,2024-06-01,0.0,1.8396825422180494
KDI,SC-FLT-0004,2024-07-01,4.0,1.8396825422180494
KDI,SC-FLT-0004,2024-08-01,,1.8396825422180494
KDI,SC-FLT-0004,2024-09-01,0.0,1.8396825422180494
KDI,SC-FLT-0004,2024-10-01,0.0,1.8396825422180494
KDI,SC-FLT-0004,2024-11-01,7.0,1.8396825422180494
KDI,SC-FLT-0004,2024-12-01,3.0,1.8396825422180494
BTH,SC-SUS-0023,2024-01-01,0.0,1.0452723449464667
BTH,SC-SUS-0023,2024-02-01,0.0,1.0452723449464667
BTH,SC-SUS-0023,2024-03-01,3.0,1.0452723449464667
BTH,SC-SUS-0023,2024-04-01,0.0,1.0452723449464667
BTH,SC-SUS-0023,2024-05-01,4.0,1.0452723449464667
BTH,SC-SUS-0023,2024-06-01,0.0,1.0452723449464667
BTH,SC-SUS-0023,2024-07-01,0.0,1.0452723449464667
BTH,SC-SUS-0023,2024-08-01,0.0,1.0452723449464667
BTH,SC-SUS-0023,2024-09-01,0.0,1.0452723449464667
BTH,SC-SUS-0023,2024-10-01,0.0,1.0452723449464667
BTH,SC-SUS-0023,2024-11-01,4.0,1.0452723449464667
BTH,SC-SUS-0023,2024-12-01,0.0,1.0452723449464667
CRB,SC-SUS-0005,2024-01-01,5.0,0.6645638032958572
CRB,SC-SUS-0005,2024-02-01,4.0,0.6645638032958572
CRB,SC-SUS-0005,2024-03-01,17.0,0.6645638032958572
CRB,SC-SUS-0005,2024-04-01,2.0,0.6645638032958572
CRB,SC-SUS-0005,2024-05-01,0.0,0.6645638032958572
CRB,SC-SUS-0005,2024-06-01,79.0,0.6645638032958572
CRB,SC-SUS-0005,2024-07-01,0.0,0.6645638032958572
CRB,SC-SUS-0005,2024-08-01,6.0,0.6645638032958572
CRB,SC-SUS-0005,2024-09-01,0.0,0.6645638032958572
CRB,SC-SUS-0005,2024-10-01,5.0,0.6645638032958572
CRB,SC-SUS-0005,2024-11-01,0.0,0.6645638032958572
CRB,SC-SUS-0005,2024-12-01,13.0,0.6645638032958572
JKT,SC-HYD-0009,2024-01-01,0.0,1.6718386370618048
JKT,SC-HYD-0009,2024-02-01,2.0,1.6718386370618048
JKT,SC-HYD-0009,2024-03-01,5.0,1.6718386370618048
JKT,SC-HYD-0009,2024-04-01,19.0,1.6718386370618048
JKT,SC-HYD-0009,2024-05-01,0.0,1.6718386370618048
JKT,SC-HYD-0009,2024-06-01,0.0,1.6718386370618048
JKT,SC-HYD-0009,2024-07-01,0.0,1.6718386370618048
JKT,SC-HYD-0009,2024-08-01,0.0,1.6718386370618048
JKT,SC-HYD-0009,2024-09-01,0.0,1.6718386370618048
JKT,SC-HYD-0009,2024-10-01,6.0,1.6718386370618048
JKT,SC-HYD-0009,2024-11-01,,1.6718386370618048
JKT,SC-HYD-0009,2024-12-01,0.0,1.6718386370618048
MLG,SC-ELC-0006,2024-01-01,4.0,1.3371992651720335
MLG,SC-ELC-0006,2024-02-01,0.0,1.3371992651720335
MLG,SC-ELC-0006,2024-03-01,0.0,1.3371992651720335
MLG,SC-ELC-0006,2024-04-01,0.0,1.3371992651720335
MLG,SC-ELC-0006,2024-05-01,12.0,1.3371992651720335
MLG,SC-ELC-0006,2024-06-01,6.0,1.3371992651720335
MLG,SC-ELC-0006,2024-07-01,0.0,1.3371992651720335
MLG,SC-ELC-0006,2024-08-01,0.0,1.3371992651720335
MLG,SC-ELC-0006,2024-09-01,36.0,1.3371992651720335
MLG,SC-ELC-0006,2024-10-01,44.0,1.3371992651720335
MLG,SC-ELC-0006,2024-11-01,36.0,1.3371992651720335
MLG,SC-ELC-0006,2024-12-01,0.0,1.3371992651720335
BDG,SC-ENG-0011,2024-01-01,0.0,0.17861183288511967
BDG,SC-ENG-0011,2024-02-01,0.0,0.17861183288511967
BDG,SC-ENG-0011,2024-03-01,0.0,0.17861183288511967
BDG,SC-ENG-0011,2024-04-01,0.0,0.17861183288511967
BDG,SC-ENG-0011,2024-05-01,0.0,0.17861183288511967
BDG,SC-ENG-0011,2024-06-01,0.0,0.17861183288511967
BDG,SC-ENG-0011,2024-07-01,0.0,0.17861183288511967
BDG,SC-ENG-0011,2024-08-01,,0.17861183288511967
BDG,SC-ENG-0011,2024-09-01,8.0,0.17861183288511967
BDG,SC-ENG-0011,2024-10-01,0.0,0.17861183288511967
BDG,SC-ENG-0011,2024-11-01,0.0,0.17861183288511967
BDG,SC-ENG-0011,2024-12-01,0.0,0.17861183288511967
SMG,SC-SUS-0003,2024-01-01,0.0,1.7184872485959382
SMG,SC-SUS-0003,2024-02-01,9.0,1.7184872485959382
SMG,SC-SUS-0003,2024-03-01,0.0,1.7184872485959382
SMG,SC-SUS-0003,2024-04-01,1.0,1.7184872485959382
SMG,SC-SUS-0003,2024-05-01,,1.7184872485959382
SMG,SC-SUS-0003,2024-06-01,0.0,1.7184872485959382
SMG,SC-SUS-0003,2024-07-01,0.0,1.7184872485959382
SMG,SC-SUS-0003,2024-08-01,0.0,1.7184872485959382
SMG,SC-SUS-0003,2024-09-01,0.0,1.7184872485959382
SMG,SC-SUS-0003,2024-10-01,0.0,1.7184872485959382
SMG,SC-SUS-0003,2024-11-01,0.0,1.7184872485959382
SMG,SC-SUS-0003,2024-12-01,0.0,1.7184872485959382
MKS,SC-SUS-0011,2024-01-01,0.0,3.8070186897399148
MKS,SC-SUS-0011,2024-02-01,0.0,3.8070186897399148
MKS,SC-SUS-0011,2024-03-01,0.0,3.8070186897399148
MKS,SC-SUS-0011,2024-04-01,0.0,3.8070186897399148
MKS,SC-SUS-0011,2024-05-01,0.0,3.8070186897399148
MKS,SC-SUS-0011,2024-06-01,0.0,3.8070186897399148
MKS,SC-SUS-0011,2024-07-01,7.0,3.8070186897399148
MKS,SC-SUS-0011,2024-08-01,0.0,3.8070186897399148
MKS,SC-SUS-0011,2024-09-01,0.0,3.8070186897399148
MKS,SC-SUS-0011,2024-10-01,0.0,3.8070186897399148
MKS,SC-SUS-0011,2024-11-01,0.0,3.8070186897399148
MKS,SC-SUS-0011,2024-12-01,0.0,3.8070186897399148
PLU,SC-ENG-0009,2024-01-01,0.0,0.6427086287308605
PLU,SC-ENG-0009,2024-02-01,0.0,0.6427086287308605
PLU,SC-ENG-0009,2024-03-01,1.0,0.6427086287308605
PLU,SC-ENG-0009,2024-04-01,0.0,0.6427086287308605
PLU,SC-ENG-0009,2024-05-01,2.0,0.6427086287308605
PLU,SC-ENG-0009,2024-06-01,0.0,0.6427086287308605
PLU,SC-ENG-0009,2024-07-01,0.0,0.6427086287308605
PLU,SC-ENG-0009,2024-08-01,0.0,0.6427086287308605
PLU,SC-ENG-0009,2024-09-01,0.0,0.6427086287308605
PLU,SC-ENG-0009,2024-10-01,0.0,0.6427086287308605
PLU,SC-ENG-0009,2024-11-01,0.0,0.6427086287308605
PLU,SC-ENG-0009,2024-12-01,0.0,0.6427086287308605
DPS,SC-FUE-0014,2024-01-01,,0.6549020753262614
DPS,SC-FUE-0014,2024-02-01,0.0,0.6549020753262614
DPS,SC-FUE-0014,2024-03-01,1.0,0.6549020753262614
DPS,SC-FUE-0014,2024-04-01,0.0,0.6549020753262614
DPS,SC-FUE-0014,2024-05-01,0.0,0.6549020753262614
DPS,SC-FUE-0014,2024-06-01,0.0,0.6549020753262614
DPS,SC-FUE-0014,2024-07-01,0.0,0.6549020753262614
DPS,SC-FUE-0014,2024-08-01,0.0,0.6549020753262614
DPS,SC-FUE-0014,2024-09-01,2.0,0.6549020753262614
DPS,SC-FUE-0014,2024-10-01,0.0,0.6549020753262614
DPS,SC-FUE-0014,2024-11-01,0.0,0.6549020753262614
DPS,SC-FUE-0014,2024-12-01,3.0,0.6549020753262614
SMD,SC-ENG-0001,2024-01-01,0.0,0.4011411377363666
SMD,SC-ENG-0001,2024-02-01,,0.4011411377363666
SMD,SC-ENG-0001,2024-03-01,0.0,0.4011411377363666
SMD,SC-ENG-0001,2024-04-01,0.0,0.4011411377363666
SMD,SC-ENG-0001,2024-05-01,0.0,0.4011411377363666
SMD,SC-ENG-0001,2024-06-01,0.0,0.4011411377363666
SMD,SC-ENG-0001,2024-07-01,3.0,0.4011411377363666
SMD,SC-ENG-0001,2024-08-01,0.0,0.4011411377363666
SMD,SC-ENG-0001,2024-09-01,0.0,0.4011411377363666
SMD,SC-ENG-0001,2024-10-01,0.0,0.4011411377363666
SMD,SC-ENG-0001,2024-11-01,0.0,0.4011411377363666
SMD,SC-ENG-0001,2024-12-01,0.0,0.4011411377363666
SRG,SC-SUS-0019,2024-01-01,0.0,3.5199518628199944
SRG,SC-SUS-0019,2024-02-01,0.0,3.5199518628199944
SRG,SC-SUS-0019,2024-03-01,16.0,3.5199518628199944
SRG,SC-SUS-0019,2024-04-01,14.0,3.5199518628199944
SRG,SC-SUS-0019,2024-05-01,0.0,3.5199518628199944
SRG,SC-SUS-0019,2024-06-01,34.0,3.5199518628199944
SRG,SC-SUS-0019,2024-07-01,0.0,3.5199518628199944
SRG,SC-SUS-0019,2024-08-01,0.0,3.5199518628199944
SRG,SC-SUS-0019,2024-09-01,0.0,3.5199518628199944
SRG,SC-SUS-0019,2024-10-01,0.0,3.5199518628199944
SRG,SC-SUS-0019,2024-11-01,0.0,3.5199518628199944
SRG,SC-SUS-0019,2024-12-01,20.0,3.5199518628199944
MRK,SC-ENG-0013,2024-01-01,0.0,7.052266275037474
MRK,SC-ENG-0013,2024-02-01,0.0,7.052266275037474
MRK,SC-ENG-0013,2024-03-01,0.0,7.052266275037474
MRK,SC-ENG-0013,2024-04-01,0.0,7.052266275037474
MRK,SC-ENG-0013,2024-05-01,8.0,7.052266275037474
MRK,SC-ENG-0013,2024-06-01,,7.052266275037474
MRK,SC-ENG-0013,2024-07-01,0.0,7.052266275037474
MRK,SC-ENG-0013,2024-08-01,0.0,7.052266275037474
MRK,SC-ENG-0013,2024-09-01,0.0,7.052266275037474
MRK,SC-ENG-0013,2024-10-01,0.0,7.052266275037474
MRK,SC-ENG-0013,2024-11-01,29.0,7.052266275037474
MRK,SC-ENG-0013,2024-12-01,0.0,7.052266275037474
BPN2,SC-TWA-0013,2024-01-01,0.0,16.293144360182364
BPN2,SC-TWA-0013,2024-02-01,0.0,16.293144360182364
BPN2,SC-TWA-0013,2024-03-01,27.0,16.293144360182364
BPN2,SC-TWA-0013,2024-04-01,0.0,16.293144360182364
BPN2,SC-TWA-0013,2024-05-01,9.0,16.293144360182364
BPN2,SC-TWA-0013,2024-06-01,0.0,16.293144360182364
BPN2,SC-TWA-0013,2024-07-01,0.0,16.293144360182364
BPN2,SC-TWA-0013,2024-08-01,31.0,16.293144360182364
BPN2,SC-TWA-0013,2024-09-01,39.0,16.293144360182364
BPN2,SC-TWA-0013,2024-10-01,10.0,16.293144360182364
BPN2,SC-TWA-0013,2024-11-01,26.0,16.293144360182364
BPN2,SC-TWA-0013,2024-12-01,29.0,16.293144360182364
SBY,SC-TWA-0011,2024-01-01,0.0,5.177688124002878
SBY,SC-TWA-0011,2024-02-01,0.0,5.177688124002878
SBY,SC-TWA-0011,2024-03-01,0.0,5.177688124002878
SBY,SC-TWA-0011,2024-04-01,104.0,5.177688124002878
SBY,SC-TWA-0011,2024-05-01,0.0,5.177688124002878
SBY,SC-TWA-0011,2024-06-01,11.0,5.177688124002878
SBY,SC-TWA-0011,2024-07-01,11.0,5.177688124002878
SBY,SC-TWA-0011,2024-08-01,0.0,5.177688124002878
SBY,SC-TWA-0011,2024-09-01,4.0,5.177688124002878
SBY,SC-TWA-0011,2024-10-01,0.0,5.177688124002878
SBY,SC-TWA-0011,2024-11-01,0.0,5.177688124002878
SBY,SC-TWA-0011,2024-12-01,0.0,5.177688124002878
YGY,SC-FLT-0014,2024-01-01,0.0,0.4086900029618545
YGY,SC-FLT-0014,2024-02-01,1.0,0.4086900029618545
YGY,SC-FLT-0014,2024-03-01,0.0,0.4086900029618545
YGY,SC-FLT-0014,2024-04-01,0.0,0.4086900029618545
YGY,SC-FLT-0014,2024-05-01,0.0,0.4086900029618545
YGY,SC-FLT-0014,2024-06-01,1.0,0.4086900029618545
YGY,SC-FLT-0014,2024-07-01,0.0,0.4086900029618545
YGY,SC-FLT-0014,2024-08-01,2.0,0.4086900029618545
YGY,SC-FLT-0014,2024-09-01,0.0,0.4086900029618545
YGY,SC-FLT-0014,2024-10-01,0.0,0.4086900029618545
YGY,SC-FLT-0014,2024-11-01,0.0,0.4086900029618545
YGY,SC-FLT-0014,2024-12-01,0.0,0.4086900029618545
BTH,SC-FUE-0007,2024-01-01,0.0,0.09535055350553505
BTH,SC-FUE-0007,2024-02-01,0.0,0.09535055350553505
BTH,SC-FUE-0007,2024-03-01,,0.09535055350553505
BTH,SC-FUE-0007,2024-04-01,0.0,0.09535055350553505
BTH,SC-FUE-0007,2024-05-01,0.0,0.09535055350553505
BTH,SC-FUE-0007,2024-06-01,0.0,0.09535055350553505
BTH,SC-FUE-0007,2024-07-01,0.0,0.09535055350553505
BTH,SC-FUE-0007,2024-08-01,0.0,0.09535055350553505
BTH,SC-FUE-0007,2024-09-01,0.0,0.09535055350553505
BTH,SC-FUE-0007,2024-10-01,0.0,0.09535055350553505
BTH,SC-FUE-0007,2024-11-01,0.0,0.09535055350553505
BTH,SC-FUE-0007,2024-12-01,,0.09535055350553505
LHK,SC-BRK-0008,2024-01-01,0.0,0.08991876549422587
LHK,SC-BRK-0008,2024-02-01,,0.08991876549422587
LHK,SC-BRK-0008,2024-03-01,9.0,0.08991876549422587
LHK,SC-BRK-0008,2024-04-01,0.0,0.08991876549422587
LHK,SC-BRK-0008,2024-05-01,0.0,0.08991876549422587
LHK,SC-BRK-0008,2024-06-01,0.0,0.08991876549422587
LHK,SC-BRK-0008,2024-07-01,0.0,0.08991876549422587
LHK,SC-BRK-0008,2024-08-01,0.0,0.08991876549422587
LHK,SC-BRK-0008,2024-09-01,0.0,0.08991876549422587
LHK,SC-BRK-0008,2024-10-01,0.0,0.08991876549422587
LHK,SC-BRK-0008,2024-11-01,0.0,0.08991876549422587
LHK,SC-BRK-0008,2024-12-01,0.0,0.08991876549422587
BJM,SC-FUE-0008,2024-01-01,0.0,0.020833333333333332
BJM,SC-FUE-0008,2024-02-01,0.0,0.020833333333333332
BJM,SC-FUE-0008,2024-03-01,,0.020833333333333332
BJM,SC-FUE-0008,2024-04-01,0.0,0.020833333333333332
BJM,SC-FUE-0008,2024-05-01,,0.020833333333333332
BJM,SC-FUE-0008,2024-06-01,0.0,0.020833333333333332
BJM,SC-FUE-0008,2024-07-01,0.0,0.020833333333333332
BJM,SC-FUE-0008,2024-08-01,0.0,0.020833333333333332
BJM,SC-FUE-0008,2024-09-01,0.0,0.020833333333333332
BJM,SC-FUE-0008,2024-10-01,0.0,0.020833333333333332
BJM,SC-FUE-0008,2024-11-01,0.0,0.020833333333333332
BJM,SC-FUE-0008,2024-12-01,0.0,0.020833333333333332
SMD,SC-ENG-0010,2024-01-01,2.0,0.23912207807443764
SMD,SC-ENG-0010,2024-02-01,0.0,0.23912207807443764
SMD,SC-ENG-0010,2024-03-01,0.0,0.23912207807443764
SMD,SC-ENG-0010,2024-04-01,0.0,0.23912207807443764
SMD,SC-ENG-0010,2024-05-01,0.0,0.23912207807443764
SMD,SC-ENG-0010,2024-06-01,0.0,0.23912207807443764
SMD,SC-ENG-0010,2024-07-01,,0.23912207807443764
SMD,SC-ENG-0010,2024-08-01,0.0,0.23912207807443764
SMD,SC-ENG-0010,2024-09-01,0.0,0.23912207807443764
SMD,SC-ENG-0010,2024-10-01,0.0,0.23912207807443764
SMD,SC-ENG-0010,2024-11-01,0.0,0.23912207807443764
SMD,SC-ENG-0010,2024-12-01,0.0,0.23912207807443764
PDG,SC-ENG-0015,2024-01-01,0.0,0.24133949191685913
PDG,SC-ENG-0015,2024-02-01,0.0,0.24133949191685913
PDG,SC-ENG-0015,2024-03-01,0.0,0.24133949191685913
PDG,SC-ENG-0015,2024-04-01,0.0,0.24133949191685913
PDG,SC-ENG-0015,2024-05-01,0.0,0.24133949191685913
PDG,SC-ENG-0015,2024-06-01,0.0,0.24133949191685913
PDG,SC-ENG-0015,2024-07-01,0.0,0.24133949191685913
PDG,SC-ENG-0015,2024-08-01,0.0,0.24133949191685913
PDG,SC-ENG-0015,2024-09-01,0.0,0.24133949191685913
PDG,SC-ENG-0015,2024-10-01,,0.24133949191685913
PDG,SC-ENG-0015,2024-11-01,0.0,0.24133949191685913
PDG,SC-ENG-0015,2024-12-01,0.0,0.24133949191685913
KDI,SC-FUE-0006,2024-01-01,0.0,0.1484375
KDI,SC-FUE-0006,2024-02-01,0.0,0.1484375
KDI,SC-FUE-0006,2024-03-01,0.0,0.1484375
KDI,SC-FUE-0006,2024-04-01,0.0,0.1484375
KDI,SC-FUE-0006,2024-05-01,0.0,0.1484375
KDI,SC-FUE-0006,2024-06-01,0.0,0.1484375
KDI,SC-FUE-0006,2024-07-01,0.0,0.1484375
KDI,SC-FUE-0006,2024-08-01,0.0,0.1484375
KDI,SC-FUE-0006,2024-09-01,0.0,0.1484375
KDI,SC-FUE-0006,2024-10-01,0.0,0.1484375
KDI,SC-FUE-0006,2024-11-01,0.0,0.1484375
KDI,SC-FUE-0006,2024-12-01,0.0,0.1484375
KDI,SC-ENG-0010,2024-01-01,0.0,0.8901597565614301
KDI,SC-ENG-0010,2024-02-01,0.0,0.8901597565614301
KDI,SC-ENG-0010,2024-03-01,0.0,0.8901597565614301
KDI,SC-ENG-0010,2024-04-01,1.0,0.8901597565614301
KDI,SC-ENG-0010,2024-05-01,0.0,0.8901597565614301
KDI,SC-ENG-0010,2024-06-01,4.0,0.8901597565614301
KDI,SC-ENG-0010,2024-07-01,0.0,0.8901597565614301
KDI,SC-ENG-0010,2024-08-01,0.0,0.8901597565614301
KDI,SC-ENG-0010,2024-09-01,0.0,0.8901597565614301
KDI,SC-ENG-0010,2024-10-01,0.0,0.8901597565614301
KDI,SC-ENG-0010,2024-11-01,0.0,0.8901597565614301
KDI,SC-ENG-0010,2024-12-01,0.0,0.8901597565614301
KPG,SC-BRK-0008,2024-01-01,2.0,1.0197393754963913
KPG,SC-BRK-0008,2024-02-01,,1.0197393754963913
KPG,SC-BRK-0008,2024-03-01,0.0,1.0197393754963913
KPG,SC-BRK-0008,2024-04-01,0.0,1.0197393754963913
KPG,SC-BRK-0008,2024-05-01,0.0,1.0197393754963913
KPG,SC-BRK-0008,2024-06-01,0.0,1.0197393754963913
KPG,SC-BRK-0008,2024-07-01,0.0,1.0197393754963913
KPG,SC-BRK-0008,2024-08-01,0.0,1.0197393754963913
KPG,SC-BRK-0008,2024-09-01,0.0,1.0197393754963913
KPG,SC-BRK-0008,2024-10-01,0.0,1.0197393754963913
KPG,SC-BRK-0008,2024-11-01,0.0,1.0197393754963913
KPG,SC-BRK-0008,2024-12-01,0.0,1.0197393754963913
KPG,SC-TWA-0005,2024-01-01,0.0,0.7499864864864865
KPG,SC-TWA-0005,2024-02-01,0.0,0.7499864864864865
KPG,SC-TWA-0005,2024-03-01,0.0,0.7499864864864865
KPG,SC-TWA-0005,2024-04-01,0.0,0.7499864864864865
KPG,SC-TWA-0005,2024-05-01,0.0,0.7499864864864865
KPG,SC-TWA-0005,2024-06-01,0.0,0.7499864864864865
KPG,SC-TWA-0005,2024-07-01,0.0,0.7499864864864865
KPG,SC-TWA-0005,2024-08-01,1.0,0.7499864864864865
KPG,SC-TWA-0005,2024-09-01,0.0,0.7499864864864865
KPG,SC-TWA-0005,2024-10-01,0.0,0.7499864864864865
KPG,SC-TWA-0005,2024-11-01,0.0,0.7499864864864865
KPG,SC-TWA-0005,2024-12-01,0.0,0.7499864864864865
PDG,SC-SUS-0012,2024-01-01,,0.8227460183645106
PDG,SC-SUS-0012,2024-02-01,1.0,0.8227460183645106
PDG,SC-SUS-0012,2024-03-01,2.0,0.8227460183645106
PDG,SC-SUS-0012,2024-04-01,0.0,0.8227460183645106
PDG,SC-SUS-0012,2024-05-01,0.0,0.8227460183645106
PDG,SC-SUS-0012,2024-06-01,1.0,0.8227460183645106
PDG,SC-SUS-0012,2024-07-01,0.0,0.8227460183645106
PDG,SC-SUS-0012,2024-08-01,0.0,0.8227460183645106
PDG,SC-SUS-0012,2024-09-01,13.0,0.8227460183645106
PDG,SC-SUS-0012,2024-10-01,0.0,0.8227460183645106
PDG,SC-SUS-0012,2024-11-01,0.0,0.8227460183645106
PDG,SC-SUS-0012,2024-12-01,0.0,0.8227460183645106
BKL,SC-FUE-0012,2024-01-01,0.0,0.041666666666666664
BKL,SC-FUE-0012,2024-02-01,0.0,0.041666666666666664
BKL,SC-FUE-0012,2024-03-01,0.0,0.041666666666666664
BKL,SC-FUE-0012,2024-04-01,0.0,0.041666666666666664
BKL,SC-FUE-0012,2024-05-01,0.0,0.041666666666666664
BKL,SC-FUE-0012,2024-06-01,0.0,0.041666666666666664
BKL,SC-FUE-0012,2024-07-01,0.0,0.041666666666666664
BKL,SC-FUE-0012,2024-08-01,0.0,0.041666666666666664
BKL,SC-FUE-0012,2024-09-01,0.0,0.041666666666666664
BKL,SC-FUE-0012,2024-10-01,0.0,0.041666666666666664
BKL,SC-FUE-0012,2024-11-01,0.0,0.041666666666666664
BKL,SC-FUE-0012,2024-12-01,0.0,0.041666666666666664
BDG,SC-FUE-0008,2024-01-01,0.0,0.020833333333333332
BDG,SC-FUE-0008,2024-02-01,0.0,0.020833333333333332
BDG,SC-FUE-0008,2024-03-01,0.0,0.020833333333333332
BDG,SC-FUE-0008,2024-04-01,0.0,0.020833333333333332
BDG,SC-FUE-0008,2024-05-01,0.0,0.020833333333333332
BDG,SC-FUE-0008,2024-06-01,0.0,0.020833333333333332
BDG,SC-FUE-0008,2024-07-01,0.0,0.020833333333333332
BDG,SC-FUE-0008,2024-08-01,0.0,0.020833333333333332
BDG,SC-FUE-0008,2024-09-01,0.0,0.020833333333333332
BDG,SC-FUE-0008,2024-10-01,0.0,0.020833333333333332
BDG,SC-FUE-0008,2024-11-01,0.0,0.020833333333333332
BDG,SC-FUE-0008,2024-12-01,0.0,0.020833333333333332
PTK,SC-ENG-0010,2024-01-01,0.0,0.4157134960787629
PTK,SC-ENG-0010,2024-02-01,0.0,0.4157134960787629
PTK,SC-ENG-0010,2024-03-01,0.0,0.4157134960787629
PTK,SC-ENG-0010,2024-04-01,0.0,0.4157134960787629
PTK,SC-ENG-0010,2024-05-01,7.0,0.4157134960787629
PTK,SC-ENG-0010,2024-06-01,0.0,0.4157134960787629
PTK,SC-ENG-0010,2024-07-01,0.0,0.4157134960787629
PTK,SC-ENG-0010,2024-08-01,0.0,0.4157134960787629
PTK,SC-ENG-0010,2024-09-01,0.0,0.4157134960787629
PTK,SC-ENG-0010,2024-10-01,0.0,0.4157134960787629
PTK,SC-ENG-0010,2024-11-01,0.0,0.4157134960787629
PTK,SC-ENG-0010,2024-12-01,0.0,0.4157134960787629
MND,SC-FUE-0012,2024-01-01,0.0,0.10403639371381306
MND,SC-FUE-0012,2024-02-01,0.0,0.10403639371381306
MND,SC-FUE-0012,2024-03-01,1.0,0.10403639371381306
MND,SC-FUE-0012,2024-04-01,0.0,0.10403639371381306
MND,SC-FUE-0012,2024-05-01,0.0,0.10403639371381306
MND,SC-FUE-0012,2024-06-01,0.0,0.10403639371381306
MND,SC-FUE-0012,2024-07-01,0.0,0.10403639371381306
MND,SC-FUE-0012,2024-08-01,0.0,0.10403639371381306
MND,SC-FUE-0012,2024-09-01,0.0,0.10403639371381306
MND,SC-FUE-0012,2024-10-01,0.0,0.10403639371381306
MND,SC-FUE-0012,2024-11-01,0.0,0.10403639371381306
MND,SC-FUE-0012,2024-12-01,0.0,0.10403639371381306
MRK,SC-FUE-0012,2024-01-01,1.0,0.36309838263421695
MRK,SC-FUE-0012,2024-02-01,1.0,0.36309838263421695
MRK,SC-FUE-0012,2024-03-01,0.0,0.36309838263421695
MRK,SC-FUE-0012,2024-04-01,0.0,0.36309838263421695
MRK,SC-FUE-0012,2024-05-01,0.0,0.36309838263421695
MRK,SC-FUE-0012,2024-06-01,,0.36309838263421695
MRK,SC-FUE-0012,2024-07-01,0.0,0.36309838263421695
MRK,SC-FUE-0012,2024-08-01,0.0,0.36309838263421695
MRK,SC-FUE-0012,2024-09-01,0.0,0.36309838263421695
MRK,SC-FUE-0012,2024-10-01,0.0,0.36309838263421695
MRK,SC-FUE-0012,2024-11-01,0.0,0.36309838263421695
MRK,SC-FUE-0012,2024-12-01,0.0,0.36309838263421695
DPS,SC-SUS-0012,2024-01-01,0.0,0.6574547143520669
DPS,SC-SUS-0012,2024-02-01,0.0,0.6574547143520669
DPS,SC-SUS-0012,2024-03-01,0.0,0.6574547143520669
DPS,SC-SUS-0012,2024-04-01,0.0,0.6574547143520669
DPS,SC-SUS-0012,2024-05-01,0.0,0.6574547143520669
DPS,SC-SUS-0012,2024-06-01,0.0,0.6574547143520669
DPS,SC-SUS-0012,2024-07-01,0.0,0.6574547143520669
DPS,SC-SUS-0012,2024-08-01,0.0,0.6574547143520669
DPS,SC-SUS-0012,2024-09-01,0.0,0.6574547143520669
DPS,SC-SUS-0012,2024-10-01,0.0,0.6574547143520669
DPS,SC-SUS-0012,2024-11-01,0.0,0.6574547143520669
DPS,SC-SUS-0012,2024-12-01,0.0,0.6574547143520669
KPG,SC-ENG-0015,2024-01-01,0.0,0.08378472222222223
KPG,SC-ENG-0015,2024-02-01,0.0,0.08378472222222223
KPG,SC-ENG-0015,2024-03-01,0.0,0.08378472222222223
KPG,SC-ENG-0015,2024-04-01,0.0,0.08378472222222223
KPG,SC-ENG-0015,2024-05-01,0.0,0.08378472222222223
KPG,SC-ENG-0015,2024-06-01,0.0,0.08378472222222223
KPG,SC-ENG-0015,2024-07-01,0.0,0.08378472222222223
KPG,SC-ENG-0015,2024-08-01,0.0,0.08378472222222223
KPG,SC-ENG-0015,2024-09-01,0.0,0.08378472222222223
KPG,SC-ENG-0015,2024-10-01,0.0,0.08378472222222223
KPG,SC-ENG-0015,2024-11-01,0.0,0.08378472222222223
KPG,SC-ENG-0015,2024-12-01,0.0,0.08378472222222223
SMG,SC-FLT-0014,2024-01-01,12.0,0.21772910487489539
SMG,SC-FLT-0014,2024-02-01,0.0,0.21772910487489539
SMG,SC-FLT-0014,2024-03-01,0.0,0.21772910487489539
SMG,SC-FLT-0014,2024-04-01,0.0,0.21772910487489539
SMG,SC-FLT-0014,2024-05-01,0.0,0.21772910487489539
SMG,SC-FLT-0014,2024-06-01,0.0,0.21772910487489539
SMG,SC-FLT-0014,2024-07-01,0.0,0.21772910487489539
SMG,SC-FLT-0014,2024-08-01,0.0,0.21772910487489539
SMG,SC-FLT-0014,2024-09-01,0.0,0.21772910487489539
SMG,SC-FLT-0014,2024-10-01,0.0,0.21772910487489539
SMG,SC-FLT-0014,2024-11-01,0.0,0.21772910487489539
SMG,SC-FLT-0014,2024-12-01,0.0,0.21772910487489539
BKL,SC-TWA-0005,2024-01-01,0.0,0.18999999999999997
BKL,SC-TWA-0005,2024-02-01,0.0,0.18999999999999997
BKL,SC-TWA-0005,2024-03-01,0.0,0.18999999999999997
BKL,SC-TWA-0005,2024-04-01,0.0,0.18999999999999997
BKL,SC-TWA-0005,2024-05-01,0.0,0.18999999999999997
BKL,SC-TWA-0005,2024-06-01,0.0,0.18999999999999997
BKL,SC-TWA-0005,2024-07-01,0.0,0.18999999999999997
BKL,SC-TWA-0005,2024-08-01,0.0,0.18999999999999997
BKL,SC-TWA-0005,2024-09-01,0.0,0.18999999999999997
BKL,SC-TWA-0005,2024-10-01,0.0,0.18999999999999997
BKL,SC-TWA-0005,2024-11-01,0.0,0.18999999999999997
BKL,SC-TWA-0005,2024-12-01,0.0,0.18999999999999997
