Branch_ID,Part_Number,Period,Pred_SARIMA
AMQ,SC-TWA-0002,2024-01-01,22.59743966466577
AMQ,SC-TWA-0002,2024-02-01,17.086860382238424
AMQ,SC-TWA-0002,2024-03-01,0.4868540647278303
AMQ,SC-TWA-0002,2024-04-01,42.98933506270625
AMQ,SC-TWA-0002,2024-05-01,29.886543182070646
AMQ,SC-TWA-0002,2024-06-01,25.06239026589931
AMQ,SC-TWA-0002,2024-07-01,32.17177348639188
AMQ,SC-TWA-0002,2024-08-01,32.45580500401822
AMQ,SC-TWA-0002,2024-09-01,30.868127477025507
AMQ,SC-TWA-0002,2024-10-01,26.802072358289113
AMQ,SC-TWA-0002,2024-11-01,30.943170150269438
AMQ,SC-TWA-0002,2024-12-01,35.92653757473299
BKL,SC-SUS-0016,2024-01-01,13.235890606036605
BKL,SC-SUS-0016,2024-02-01,9.118799306030649
BKL,SC-SUS-0016,2024-03-01,9.629656582963834
BKL,SC-SUS-0016,2024-04-01,12.811708670702913
BKL,SC-SUS-0016,2024-05-01,8.462353160397862
BKL,SC-SUS-0016,2024-06-01,-6.556556916605768
BKL,SC-SUS-0016,2024-07-01,14.552506301452002
BKL,SC-SUS-0016,2024-08-01,11.674891901006196
BKL,SC-SUS-0016,2024-09-01,8.466322065207066
BKL,SC-SUS-0016,2024-10-01,12.87167597955701
BKL,SC-SUS-0016,2024-11-01,19.661180466071812
BKL,SC-SUS-0016,2024-12-01,20.360493156464358
BPN2,SC-TRN-0008,2024-01-01,76.99548604986953
BPN2,SC-TRN-0008,2024-02-01,31.40745274715701
BPN2,SC-TRN-0008,2024-03-01,71.33921976687832
BPN2,SC-TRN-0008,2024-04-01,78.97135257589363
BPN2,SC-TRN-0008,2024-05-01,59.454739251283534
BPN2,SC-TRN-0008,2024-06-01,102.5841566657084
BPN2,SC-TRN-0008,2024-07-01,76.1891762263187
BPN2,SC-TRN-0008,2024-08-01,73.27115377571074
BPN2,SC-TRN-0008,2024-09-01,70.10462819871766
BPN2,SC-TRN-0008,2024-10-01,52.52986408940704
BPN2,SC-TRN-0008,2024-11-01,156.88681647410968
BPN2,SC-TRN-0008,2024-12-01,137.97925208771022
BKL,SC-CLG-0008,2024-01-01,12.531187487999095
BKL,SC-CLG-0008,2024-02-01,13.135228387389786
BKL,SC-CLG-0008,2024-03-01,12.87620869241778
BKL,SC-CLG-0008,2024-04-01,9.83538966938816
BKL,SC-CLG-0008,2024-05-01,15.628303304171794
BKL,SC-CLG-0008,2024-06-01,15.716787060223309
BKL,SC-CLG-0008,2024-07-01,13.135913007429576
BKL,SC-CLG-0008,2024-08-01,20.648900982481127
BKL,SC-CLG-0008,2024-09-01,12.914539354024319
BKL,SC-CLG-0008,2024-10-01,10.357046510835573
BKL,SC-CLG-0008,2024-11-01,15.695259233589425
BKL,SC-CLG-0008,2024-12-01,16.305681546752076
SMG,SC-TWA-0002,2024-01-01,66.81884768188112
SMG,SC-TWA-0002,2024-02-01,52.34111887992782
SMG,SC-TWA-0002,2024-03-01,85.22102199389451
SMG,SC-TWA-0002,2024-04-01,86.23647087228782
SMG,SC-TWA-0002,2024-05-01,75.06527071041104
SMG,SC-TWA-0002,2024-06-01,56.122419315533804
SMG,SC-TWA-0002,2024-07-01,79.15369580621153
SMG,SC-TWA-0002,2024-08-01,80.96176403073902
SMG,SC-TWA-0002,2024-09-01,64.58935106821903
SMG,SC-TWA-0002,2024-10-01,84.33140163362928
SMG,SC-TWA-0002,2024-11-01,52.64637556584364
SMG,SC-TWA-0002,2024-12-01,99.0409784567673
YGY,SC-SUS-0024,2024-01-01,81.27500192234838
YGY,SC-SUS-0024,2024-02-01,96.13808467575011
YGY,SC-SUS-0024,2024-03-01,86.36272480147862
YGY,SC-SUS-0024,2024-04-01,95.28981708065095
YGY,SC-SUS-0024,2024-05-01,117.3248053805825
YGY,SC-SUS-0024,2024-06-01,83.09907218569344
YGY,SC-SUS-0024,2024-07-01,123.25436281156121
YGY,SC-SUS-0024,2024-08-01,115.54472960023664
YGY,SC-SUS-0024,2024-09-01,81.52578475088237
YGY,SC-SUS-0024,2024-10-01,111.48543648943773
YGY,SC-SUS-0024,2024-11-01,104.26835057539662
YGY,SC-SUS-0024,2024-12-01,96.87139667679908
SMD,SC-ELC-0009,2024-01-01,14.290817317459208
SMD,SC-ELC-0009,2024-02-01,15.807083861820853
SMD,SC-ELC-0009,2024-03-01,-2.8263867716766646
SMD,SC-ELC-0009,2024-04-01,19.154421093061185
SMD,SC-ELC-0009,2024-05-01,0.10065505687276843
SMD,SC-ELC-0009,2024-06-01,19.41366045137885
SMD,SC-ELC-0009,2024-07-01,25.220235497439184
SMD,SC-ELC-0009,2024-08-01,16.48614216590186
SMD,SC-ELC-0009,2024-09-01,20.668067634064414
SMD,SC-ELC-0009,2024-10-01,-6.5906486160891
SMD,SC-ELC-0009,2024-11-01,16.730620935687806
SMD,SC-ELC-0009,2024-12-01,26.563626796043987
JKT,SC-ENG-0002,2024-01-01,72.99446349432766
JKT,SC-ENG-0002,2024-02-01,86.47060308849255
JKT,SC-ENG-0002,2024-03-01,76.16707557716522
JKT,SC-ENG-0002,2024-04-01,70.88467799242144
JKT,SC-ENG-0002,2024-05-01,67.94446353732538
JKT,SC-ENG-0002,2024-06-01,68.56832827306874
JKT,SC-ENG-0002,2024-07-01,66.75153978377998
JKT,SC-ENG-0002,2024-08-01,77.75299729725796
JKT,SC-ENG-0002,2024-09-01,72.12991068938115
JKT,SC-ENG-0002,2024-10-01,9.946677253070952
JKT,SC-ENG-0002,2024-11-01,83.84599407248267
JKT,SC-ENG-0002,2024-12-01,94.42535350331868
GTO,SC-ELC-0011,2024-01-01,55.12700413494401
GTO,SC-ELC-0011,2024-02-01,87.71465464821728
GTO,SC-ELC-0011,2024-03-01,84.63455309087091
GTO,SC-ELC-0011,2024-04-01,63.30609126187673
GTO,SC-ELC-0011,2024-05-01,106.96479721000166
GTO,SC-ELC-0011,2024-06-01,86.31286089127943
GTO,SC-ELC-0011,2024-07-01,77.38995968081399
GTO,SC-ELC-0011,2024-08-01,77.89223688505254
GTO,SC-ELC-0011,2024-09-01,81.07028874209796
GTO,SC-ELC-0011,2024-10-01,-6.0804399403308205
GTO,SC-ELC-0011,2024-11-01,108.86802109528682
GTO,SC-ELC-0011,2024-12-01,100.63753659008107
MLG,SC-CLG-0004,2024-01-01,55.529325554113555
MLG,SC-CLG-0004,2024-02-01,53.278013121853185
MLG,SC-CLG-0004,2024-03-01,58.7714895341436
MLG,SC-CLG-0004,2024-04-01,37.68386016809796
MLG,SC-CLG-0004,2024-05-01,67.46855019977566
MLG,SC-CLG-0004,2024-06-01,-9.001473772804172
MLG,SC-CLG-0004,2024-07-01,96.0148900732269
MLG,SC-CLG-0004,2024-08-01,75.78003372610442
MLG,SC-CLG-0004,2024-09-01,82.11638820591828
MLG,SC-CLG-0004,2024-10-01,74.28692103419598
MLG,SC-CLG-0004,2024-11-01,93.74881546014302
MLG,SC-CLG-0004,2024-12-01,-8.825411626536475
TRK,SC-ELC-0003,2024-01-01,22.83807483052881
TRK,SC-ELC-0003,2024-02-01,20.22200682585274
TRK,SC-ELC-0003,2024-03-01,21.935658314986618
TRK,SC-ELC-0003,2024-04-01,25.078654682490388
TRK,SC-ELC-0003,2024-05-01,32.705333626291925
TRK,SC-ELC-0003,2024-06-01,23.357059988712074
TRK,SC-ELC-0003,2024-07-01,34.324337208195374
TRK,SC-ELC-0003,2024-08-01,29.65249321146578
TRK,SC-ELC-0003,2024-09-01,13.810978329130297
TRK,SC-ELC-0003,2024-10-01,23.57106970929007
TRK,SC-ELC-0003,2024-11-01,13.385108891453104
TRK,SC-ELC-0003,2024-12-01,34.34118599038466
JAY,SC-BRK-0003,2024-01-01,22.67281734301148
JAY,SC-BRK-0003,2024-02-01,60.159120948939595
JAY,SC-BRK-0003,2024-03-01,54.77273790599805
JAY,SC-BRK-0003,2024-04-01,59.958081620745396
JAY,SC-BRK-0003,2024-05-01,380.2954781387147
JAY,SC-BRK-0003,2024-06-01,76.4724969157914
JAY,SC-BRK-0003,2024-07-01,87.72410464293442
JAY,SC-BRK-0003,2024-08-01,35.95432700380731
JAY,SC-BRK-0003,2024-09-01,34.94895585902622
JAY,SC-BRK-0003,2024-10-01,42.938458388244676
JAY,SC-BRK-0003,2024-11-01,44.15544498697528
JAY,SC-BRK-0003,2024-12-01,41.53582654781341
BJM,SC-BRK-0003,2024-01-01,57.4777870055484
BJM,SC-BRK-0003,2024-02-01,4.251400401093871
BJM,SC-BRK-0003,2024-03-01,45.921126701668555
BJM,SC-BRK-0003,2024-04-01,52.40542324207693
BJM,SC-BRK-0003,2024-05-01,49.35763510775831
BJM,SC-BRK-0003,2024-06-01,63.31383185647857
BJM,SC-BRK-0003,2024-07-01,89.6317312976363
BJM,SC-BRK-0003,2024-08-01,72.80257064714108
BJM,SC-BRK-0003,2024-09-01,57.65681947473045
BJM,SC-BRK-0003,2024-10-01,67.1350287827607
BJM,SC-BRK-0003,2024-11-01,-7.809020261832266
BJM,SC-BRK-0003,2024-12-01,56.12916500887306
SMD,SC-TRN-0004,2024-01-01,35.58453144455599
SMD,SC-TRN-0004,2024-02-01,38.81474274997609
SMD,SC-TRN-0004,2024-03-01,511.385974482076
SMD,SC-TRN-0004,2024-04-01,45.30958390733798
SMD,SC-TRN-0004,2024-05-01,45.564989594356554
SMD,SC-TRN-0004,2024-06-01,33.15924131940033
SMD,SC-TRN-0004,2024-07-01,41.256088416460415
SMD,SC-TRN-0004,2024-08-01,41.116575281211205
SMD,SC-TRN-0004,2024-09-01,31.992464203978717
SMD,SC-TRN-0004,2024-10-01,31.42953988407502
SMD,SC-TRN-0004,2024-11-01,41.559140702822106
SMD,SC-TRN-0004,2024-12-01,47.90137573854504
BJM,SC-HYD-0010,2024-01-01,49.75653542498326
BJM,SC-HYD-0010,2024-02-01,14.37833337550823
BJM,SC-HYD-0010,2024-03-01,48.56064659384419
BJM,SC-HYD-0010,2024-04-01,62.23407848445403
BJM,SC-HYD-0010,2024-05-01,36.61748502880125
BJM,SC-HYD-0010,2024-06-01,53.165135672233916
BJM,SC-HYD-0010,2024-07-01,59.96157323949929
BJM,SC-HYD-0010,2024-08-01,56.52134120512895
BJM,SC-HYD-0010,2024-09-01,45.47409700442694
BJM,SC-HYD-0010,2024-10-01,51.25863628496783
BJM,SC-HYD-0010,2024-11-01,51.18338129867595
BJM,SC-HYD-0010,2024-12-01,47.49147131045462
SMG,SC-SUS-0008,2024-01-01,58.93749351857513
SMG,SC-SUS-0008,2024-02-01,58.622721491866585
SMG,SC-SUS-0008,2024-03-01,51.21424054465133
SMG,SC-SUS-0008,2024-04-01,67.33930762930197
SMG,SC-SUS-0008,2024-05-01,93.17724395989711
SMG,SC-SUS-0008,2024-06-01,72.28481480641307
SMG,SC-SUS-0008,2024-07-01,66.72766531865071
SMG,SC-SUS-0008,2024-08-01,86.51448116079146
SMG,SC-SUS-0008,2024-09-01,61.45969607386587
SMG,SC-SUS-0008,2024-10-01,38.097469292675214
SMG,SC-SUS-0008,2024-11-01,84.86037447568943
SMG,SC-SUS-0008,2024-12-01,76.41340229997485
BPN2,SC-BRK-0010,2024-01-01,53.953049226241006
BPN2,SC-BRK-0010,2024-02-01,50.48087226016168
BPN2,SC-BRK-0010,2024-03-01,51.16672915461817
BPN2,SC-BRK-0010,2024-04-01,91.802395474062
BPN2,SC-BRK-0010,2024-05-01,89.73928898550705
BPN2,SC-BRK-0010,2024-06-01,61.407187163366935
BPN2,SC-BRK-0010,2024-07-01,57.440275638013944
BPN2,SC-BRK-0010,2024-08-01,55.84160935615993
BPN2,SC-BRK-0010,2024-09-01,57.34917528983258
BPN2,SC-BRK-0010,2024-10-01,34.176737675126525
BPN2,SC-BRK-0010,2024-11-01,52.99967854197605
BPN2,SC-BRK-0010,2024-12-01,44.01138984919239
SMG,SC-ELC-0011,2024-01-01,200.08511733329792
SMG,SC-ELC-0011,2024-02-01,216.00760192982207
SMG,SC-ELC-0011,2024-03-01,189.2538693725884
SMG,SC-ELC-0011,2024-04-01,246.3349779464711
SMG,SC-ELC-0011,2024-05-01,232.9852361380826
SMG,SC-ELC-0011,2024-06-01,221.2707449521271
SMG,SC-ELC-0011,2024-07-01,247.9790934519831
SMG,SC-ELC-0011,2024-08-01,251.13128201491512
SMG,SC-ELC-0011,2024-09-01,226.615743629765
SMG,SC-ELC-0011,2024-10-01,220.36030836216705
SMG,SC-ELC-0011,2024-11-01,239.67457033123014
SMG,SC-ELC-0011,2024-12-01,193.68310206235395
PKU,SC-CLG-0008,2024-01-01,107.68258060331806
PKU,SC-CLG-0008,2024-02-01,66.64187868089843
PKU,SC-CLG-0008,2024-03-01,84.299672937813
PKU,SC-CLG-0008,2024-04-01,52.36491115887283
PKU,SC-CLG-0008,2024-05-01,83.24391000102341
PKU,SC-CLG-0008,2024-06-01,42.45316603560421
PKU,SC-CLG-0008,2024-07-01,80.47074741214539
PKU,SC-CLG-0008,2024-08-01,108.19422493888561
PKU,SC-CLG-0008,2024-09-01,70.46171271032557
PKU,SC-CLG-0008,2024-10-01,69.97172416667527
PKU,SC-CLG-0008,2024-11-01,74.00879222581122
PKU,SC-CLG-0008,2024-12-01,148.02667008057625
MDN,SC-TRN-0008,2024-01-01,232.99401318541504
MDN,SC-TRN-0008,2024-02-01,124.04167311193359
MDN,SC-TRN-0008,2024-03-01,111.97925235505488
MDN,SC-TRN-0008,2024-04-01,231.91288850981056
MDN,SC-TRN-0008,2024-05-01,98.82761365942613
MDN,SC-TRN-0008,2024-06-01,133.32642606543297
MDN,SC-TRN-0008,2024-07-01,304.82887895729823
MDN,SC-TRN-0008,2024-08-01,1887.4392040719072
MDN,SC-TRN-0008,2024-09-01,184.8797226654408
MDN,SC-TRN-0008,2024-10-01,148.83989347478695
MDN,SC-TRN-0008,2024-11-01,193.30262628253936
MDN,SC-TRN-0008,2024-12-01,225.772225120648
KPG,SC-TRN-0009,2024-01-01,-1.993787367456937
KPG,SC-TRN-0009,2024-02-01,0.3933904892846378
KPG,SC-TRN-0009,2024-03-01,6.629173985814166
KPG,SC-TRN-0009,2024-04-01,20.661733422696653
KPG,SC-TRN-0009,2024-05-01,9.567077899939743
KPG,SC-TRN-0009,2024-06-01,2.177455425227075
KPG,SC-TRN-0009,2024-07-01,16.068811850645954
KPG,SC-TRN-0009,2024-08-01,2.7519424248652697
KPG,SC-TRN-0009,2024-09-01,-7.425067713057572
KPG,SC-TRN-0009,2024-10-01,-1.5977304987501615
KPG,SC-TRN-0009,2024-11-01,-11.395265935197123
KPG,SC-TRN-0009,2024-12-01,5.666572561947646
TRK,SC-ENG-0007,2024-01-01,77.7426820416839
TRK,SC-ENG-0007,2024-02-01,46.7610213223907
TRK,SC-ENG-0007,2024-03-01,75.6310879332689
TRK,SC-ENG-0007,2024-04-01,36.42477236076586
TRK,SC-ENG-0007,2024-05-01,100.65489942376524
TRK,SC-ENG-0007,2024-06-01,444.91153157882763
TRK,SC-ENG-0007,2024-07-01,43.38262078453495
TRK,SC-ENG-0007,2024-08-01,88.53582843447877
TRK,SC-ENG-0007,2024-09-01,37.01904311704543
TRK,SC-ENG-0007,2024-10-01,465.0831686840278
TRK,SC-ENG-0007,2024-11-01,78.25769339023529
TRK,SC-ENG-0007,2024-12-01,75.92308694771707
LHK,SC-SUS-0022,2024-01-01,16.554082964085012
LHK,SC-SUS-0022,2024-02-01,15.679608042271775
LHK,SC-SUS-0022,2024-03-01,7.0833844638483745
LHK,SC-SUS-0022,2024-04-01,24.95546431245348
LHK,SC-SUS-0022,2024-05-01,17.695363685026095
LHK,SC-SUS-0022,2024-06-01,16.024395956968792
LHK,SC-SUS-0022,2024-07-01,15.551502593221327
LHK,SC-SUS-0022,2024-08-01,18.978062501417973
LHK,SC-SUS-0022,2024-09-01,15.495611045328644
LHK,SC-SUS-0022,2024-10-01,13.142392683905289
LHK,SC-SUS-0022,2024-11-01,14.52528742967185
LHK,SC-SUS-0022,2024-12-01,10.415659358946803
PLB,SC-ELC-0008,2024-01-01,3.0927090763266603
PLB,SC-ELC-0008,2024-02-01,3.1101381969175765
PLB,SC-ELC-0008,2024-03-01,-0.37469030587027524
PLB,SC-ELC-0008,2024-04-01,7.293392354609631
PLB,SC-ELC-0008,2024-05-01,1.319239656545344
PLB,SC-ELC-0008,2024-06-01,2.063085445969251
PLB,SC-ELC-0008,2024-07-01,2.4769285669955003
PLB,SC-ELC-0008,2024-08-01,2.620112412245949
PLB,SC-ELC-0008,2024-09-01,5.0623809909348445
PLB,SC-ELC-0008,2024-10-01,5.967688993441121
PLB,SC-ELC-0008,2024-11-01,5.243385380316991
PLB,SC-ELC-0008,2024-12-01,5.921832119737971
PTK,SC-TRN-0012,2024-01-01,13.560120899317223
PTK,SC-TRN-0012,2024-02-01,19.138892951890757
PTK,SC-TRN-0012,2024-03-01,13.03332213013709
PTK,SC-TRN-0012,2024-04-01,19.5535709802488
PTK,SC-TRN-0012,2024-05-01,4.089287075934268
PTK,SC-TRN-0012,2024-06-01,13.410236481364004
PTK,SC-TRN-0012,2024-07-01,8.830647117833948
PTK,SC-TRN-0012,2024-08-01,23.137114160358127
PTK,SC-TRN-0012,2024-09-01,8.948896690333335
PTK,SC-TRN-0012,2024-10-01,4.2982927049903665
PTK,SC-TRN-0012,2024-11-01,27.867893672457534
PTK,SC-TRN-0012,2024-12-01,22.573913884869164
BPN2,SC-FLT-0013,2024-01-01,184.227415281498
BPN2,SC-FLT-0013,2024-02-01,179.49856573593212
BPN2,SC-FLT-0013,2024-03-01,257.7214850089071
BPN2,SC-FLT-0013,2024-04-01,223.62208786981677
BPN2,SC-FLT-0013,2024-05-01,183.29898669872006
BPN2,SC-FLT-0013,2024-06-01,209.36276123662188
BPN2,SC-FLT-0013,2024-07-01,268.54070051476003
BPN2,SC-FLT-0013,2024-08-01,249.44373894424726
BPN2,SC-FLT-0013,2024-09-01,126.41430711446716
BPN2,SC-FLT-0013,2024-10-01,195.09978002412763
BPN2,SC-FLT-0013,2024-11-01,240.50391681642645
BPN2,SC-FLT-0013,2024-12-01,-1767.8904701152012
SRG,SC-FUE-0002,2024-01-01,33.88030042977465
SRG,SC-FUE-0002,2024-02-01,14.829325846386551
SRG,SC-FUE-0002,2024-03-01,3.844304250248303
SRG,SC-FUE-0002,2024-04-01,-16.825426394864834
SRG,SC-FUE-0002,2024-05-01,23.931122572103256
SRG,SC-FUE-0002,2024-06-01,-14.735221760005196
SRG,SC-FUE-0002,2024-07-01,3.12159386620126
SRG,SC-FUE-0002,2024-08-01,20.97995799662793
SRG,SC-FUE-0002,2024-09-01,21.059610285804094
SRG,SC-FUE-0002,2024-10-01,-23.912003192001702
SRG,SC-FUE-0002,2024-11-01,6.2062869346015095
SRG,SC-FUE-0002,2024-12-01,12.305270995036818
MDN,SC-SUS-0022,2024-01-01,-12.85511034538122
MDN,SC-SUS-0022,2024-02-01,-8.044808833667338
MDN,SC-SUS-0022,2024-03-01,12.218306916482897
MDN,SC-SUS-0022,2024-04-01,25.157680338162038
MDN,SC-SUS-0022,2024-05-01,-9.16320006549504
MDN,SC-SUS-0022,2024-06-01,-8.210645932293698
MDN,SC-SUS-0022,2024-07-01,-4.175128323971098
MDN,SC-SUS-0022,2024-08-01,9.21985095752641
MDN,SC-SUS-0022,2024-09-01,15.755035314166463
MDN,SC-SUS-0022,2024-10-01,16.247951043070245
MDN,SC-SUS-0022,2024-11-01,24.242152059743184
MDN,SC-SUS-0022,2024-12-01,-2.9753577598980803
PTK,SC-ENG-0005,2024-01-01,9.885255134591407
PTK,SC-ENG-0005,2024-02-01,7.0775884466544525
PTK,SC-ENG-0005,2024-03-01,-1.01953487623439
PTK,SC-ENG-0005,2024-04-01,5.566818089513133
PTK,SC-ENG-0005,2024-05-01,37.050094860905965
PTK,SC-ENG-0005,2024-06-01,5.675622772086172
PTK,SC-ENG-0005,2024-07-01,7.110419352791725
PTK,SC-ENG-0005,2024-08-01,16.10112002491413
PTK,SC-ENG-0005,2024-09-01,7.345755570126688
PTK,SC-ENG-0005,2024-10-01,12.561799635519836
PTK,SC-ENG-0005,2024-11-01,-2.098537966235785
PTK,SC-ENG-0005,2024-12-01,15.385605136416913
MLG,SC-TRN-0001,2024-01-01,15.855238816957645
MLG,SC-TRN-0001,2024-02-01,10.460104063792594
MLG,SC-TRN-0001,2024-03-01,10.030177097398528
MLG,SC-TRN-0001,2024-04-01,11.68005546293298
MLG,SC-TRN-0001,2024-05-01,7.48595421867968
MLG,SC-TRN-0001,2024-06-01,11.679520821156542
MLG,SC-TRN-0001,2024-07-01,12.706941137208492
MLG,SC-TRN-0001,2024-08-01,12.67685815067954
MLG,SC-TRN-0001,2024-09-01,12.56427481604934
MLG,SC-TRN-0001,2024-10-01,8.544256584447659
MLG,SC-TRN-0001,2024-11-01,18.04684321665825
MLG,SC-TRN-0001,2024-12-01,4.98255322291426
BJM,SC-TRN-0012,2024-01-01,11.926608665215273
BJM,SC-TRN-0012,2024-02-01,5.443364849367847
BJM,SC-TRN-0012,2024-03-01,21.157863517667455
BJM,SC-TRN-0012,2024-04-01,9.108328311100319
BJM,SC-TRN-0012,2024-05-01,18.726702477725283
BJM,SC-TRN-0012,2024-06-01,21.729836017913925
BJM,SC-TRN-0012,2024-07-01,39.491376849577804
BJM,SC-TRN-0012,2024-08-01,13.074682863482389
BJM,SC-TRN-0012,2024-09-01,19.153838298982144
BJM,SC-TRN-0012,2024-10-01,18.40399746248195
BJM,SC-TRN-0012,2024-11-01,22.421763745888065
BJM,SC-TRN-0012,2024-12-01,16.559482257501717
SRG,SC-HYD-0003,2024-01-01,0.40299352334136884
SRG,SC-HYD-0003,2024-02-01,3.8196899017984287
SRG,SC-HYD-0003,2024-03-01,63.792824874877994
SRG,SC-HYD-0003,2024-04-01,46.58364976359804
SRG,SC-HYD-0003,2024-05-01,37.67479109035901
SRG,SC-HYD-0003,2024-06-01,3.731487497176608
SRG,SC-HYD-0003,2024-07-01,92.1536596251908
SRG,SC-HYD-0003,2024-08-01,3.7378140050102306
SRG,SC-HYD-0003,2024-09-01,40.75786515164921
SRG,SC-HYD-0003,2024-10-01,0.6592075511911792
SRG,SC-HYD-0003,2024-11-01,0.6793523473245273
SRG,SC-HYD-0003,2024-12-01,65.88747001535567
CRB,SC-FUE-0003,2024-01-01,10.483275862394782
CRB,SC-FUE-0003,2024-02-01,10.665515276629462
CRB,SC-FUE-0003,2024-03-01,6.483855159449973
CRB,SC-FUE-0003,2024-04-01,8.084072504425395
CRB,SC-FUE-0003,2024-05-01,9.58879835931114
CRB,SC-FUE-0003,2024-06-01,10.352553490233435
CRB,SC-FUE-0003,2024-07-01,0.869759524930265
CRB,SC-FUE-0003,2024-08-01,2.5725179171296757
CRB,SC-FUE-0003,2024-09-01,8.20524954810508
CRB,SC-FUE-0003,2024-10-01,17.601479163714863
CRB,SC-FUE-0003,2024-11-01,5.88541373017906
CRB,SC-FUE-0003,2024-12-01,9.08095241690869
MND,SC-SUS-0001,2024-01-01,3.7413653134645015
MND,SC-SUS-0001,2024-02-01,5.133792750871775
MND,SC-SUS-0001,2024-03-01,0.4599800811619179
MND,SC-SUS-0001,2024-04-01,6.68460565105802
MND,SC-SUS-0001,2024-05-01,-0.9544190480224739
MND,SC-SUS-0001,2024-06-01,-0.9633829638177693
MND,SC-SUS-0001,2024-07-01,4.698894680107641
MND,SC-SUS-0001,2024-08-01,2.9579921003807472
MND,SC-SUS-0001,2024-09-01,-2.086400457470876
MND,SC-SUS-0001,2024-10-01,0.16973816484434412
MND,SC-SUS-0001,2024-11-01,4.368599831792442
MND,SC-SUS-0001,2024-12-01,4.71103741384473
BTH,SC-FLT-0006,2024-01-01,19.785696489342335
BTH,SC-FLT-0006,2024-02-01,7.731828865600228
BTH,SC-FLT-0006,2024-03-01,18.454001259510942
BTH,SC-FLT-0006,2024-04-01,20.651764212904986
BTH,SC-FLT-0006,2024-05-01,6.425098063988386
BTH,SC-FLT-0006,2024-06-01,19.205409655812172
BTH,SC-FLT-0006,2024-07-01,18.280933936439375
BTH,SC-FLT-0006,2024-08-01,7.843501496465542
BTH,SC-FLT-0006,2024-09-01,6.616437344767704
BTH,SC-FLT-0006,2024-10-01,14.373526536681656
BTH,SC-FLT-0006,2024-11-01,17.78694292094012
BTH,SC-FLT-0006,2024-12-01,8.448147039069244
SMG,SC-TRN-0016,2024-01-01,8.85568516542485
SMG,SC-TRN-0016,2024-02-01,2.9728966759942566
SMG,SC-TRN-0016,2024-03-01,-0.18085515271289454
SMG,SC-TRN-0016,2024-04-01,3.792346090421715
SMG,SC-TRN-0016,2024-05-01,10.74141263704413
SMG,SC-TRN-0016,2024-06-01,10.424331710334599
SMG,SC-TRN-0016,2024-07-01,14.462763908748585
SMG,SC-TRN-0016,2024-08-01,12.249830377373609
SMG,SC-TRN-0016,2024-09-01,3.9746803486002324
SMG,SC-TRN-0016,2024-10-01,7.317782691176483
SMG,SC-TRN-0016,2024-11-01,11.328039186846542
SMG,SC-TRN-0016,2024-12-01,1.8401716317090218
SMD,SC-HYD-0001,2024-01-01,8.425974816540455
SMD,SC-HYD-0001,2024-02-01,-2.4980886482763127
SMD,SC-HYD-0001,2024-03-01,18.87069243500518
SMD,SC-HYD-0001,2024-04-01,22.330396529591802
SMD,SC-HYD-0001,2024-05-01,6.426341500386852
SMD,SC-HYD-0001,2024-06-01,10.05845570570873
SMD,SC-HYD-0001,2024-07-01,7.809361896920794
SMD,SC-HYD-0001,2024-08-01,1.4350127591240627
SMD,SC-HYD-0001,2024-09-01,12.308830714401282
SMD,SC-HYD-0001,2024-10-01,9.757552641434062
SMD,SC-HYD-0001,2024-11-01,1.928439074543152
SMD,SC-HYD-0001,2024-12-01,15.893237480862203
MLG,SC-FUE-0002,2024-01-01,8.538404219887372
MLG,SC-FUE-0002,2024-02-01,15.811375480544637
MLG,SC-FUE-0002,2024-03-01,12.484837840304607
MLG,SC-FUE-0002,2024-04-01,15.075021727103328
MLG,SC-FUE-0002,2024-05-01,22.154727493886682
MLG,SC-FUE-0002,2024-06-01,25.571150683319082
MLG,SC-FUE-0002,2024-07-01,12.139429084331336
MLG,SC-FUE-0002,2024-08-01,8.536832040275389
MLG,SC-FUE-0002,2024-09-01,6.187414919759322
MLG,SC-FUE-0002,2024-10-01,1.433510700344029
MLG,SC-FUE-0002,2024-11-01,22.38081264566453
MLG,SC-FUE-0002,2024-12-01,21.17978516431597
MTR,SC-CLG-0007,2024-01-01,-24.65758223327962
MTR,SC-CLG-0007,2024-02-01,55.20645366402054
MTR,SC-CLG-0007,2024-03-01,-20.130874264574366
MTR,SC-CLG-0007,2024-04-01,67.51225941375998
MTR,SC-CLG-0007,2024-05-01,34.289265347000416
MTR,SC-CLG-0007,2024-06-01,86.1017804160653
MTR,SC-CLG-0007,2024-07-01,42.97146541574398
MTR,SC-CLG-0007,2024-08-01,61.36652460938073
MTR,SC-CLG-0007,2024-09-01,12.629295204101918
MTR,SC-CLG-0007,2024-10-01,29.90330880708013
MTR,SC-CLG-0007,2024-11-01,16.01268680951187
MTR,SC-CLG-0007,2024-12-01,57.45963101959657
MND,SC-TWA-0004,2024-01-01,12.5542998914976
MND,SC-TWA-0004,2024-02-01,7.3355577373309035
MND,SC-TWA-0004,2024-03-01,2.8415585328546022
MND,SC-TWA-0004,2024-04-01,10.748622163860086
MND,SC-TWA-0004,2024-05-01,8.267002227082454
MND,SC-TWA-0004,2024-06-01,9.658541598065813
MND,SC-TWA-0004,2024-07-01,12.648102215689555
MND,SC-TWA-0004,2024-08-01,21.135592941338928
MND,SC-TWA-0004,2024-09-01,4.837495366523246
MND,SC-TWA-0004,2024-10-01,14.198568750398564
MND,SC-TWA-0004,2024-11-01,7.464317392278089
MND,SC-TWA-0004,2024-12-01,4.669274936811115
PKU,SC-ENG-0004,2024-01-01,3.2684084322722082
PKU,SC-ENG-0004,2024-02-01,3.888238870645682
PKU,SC-ENG-0004,2024-03-01,8.33444635960742
PKU,SC-ENG-0004,2024-04-01,2.90561698260418
PKU,SC-ENG-0004,2024-05-01,2.448872193500033
PKU,SC-ENG-0004,2024-06-01,8.380232454264434
PKU,SC-ENG-0004,2024-07-01,2.1613790700728095
PKU,SC-ENG-0004,2024-08-01,3.1850130425019394
PKU,SC-ENG-0004,2024-09-01,12.872259604683643
PKU,SC-ENG-0004,2024-10-01,4.383435800300981
PKU,SC-ENG-0004,2024-11-01,11.902305540876736
PKU,SC-ENG-0004,2024-12-01,10.10280699455825
SBY,SC-HYD-0011,2024-01-01,-1.717497764132025
SBY,SC-HYD-0011,2024-02-01,-1.3437029933132505
SBY,SC-HYD-0011,2024-03-01,-1.777629177868402
SBY,SC-HYD-0011,2024-04-01,-0.7561858241393207
SBY,SC-HYD-0011,2024-05-01,-1.7776570516066859
SBY,SC-HYD-0011,2024-06-01,-1.8201297235123608
SBY,SC-HYD-0011,2024-07-01,-0.9718468896539317
SBY,SC-HYD-0011,2024-08-01,-1.8201303550685282
SBY,SC-HYD-0011,2024-09-01,-1.759454923003642
SBY,SC-HYD-0011,2024-10-01,-1.8201329642970074
SBY,SC-HYD-0011,2024-11-01,3.589892749988775
SBY,SC-HYD-0011,2024-12-01,1.039781009086573
SRG,SC-SUS-0023,2024-01-01,3.4063983711426635
SRG,SC-SUS-0023,2024-02-01,2.1957321183916427
SRG,SC-SUS-0023,2024-03-01,2.462396414410607
SRG,SC-SUS-0023,2024-04-01,0.6045773223558468
SRG,SC-SUS-0023,2024-05-01,3.631148975020169
SRG,SC-SUS-0023,2024-06-01,3.6966446236131647
SRG,SC-SUS-0023,2024-07-01,5.058082668772874
SRG,SC-SUS-0023,2024-08-01,0.7341036455686165
SRG,SC-SUS-0023,2024-09-01,3.779341503817782
SRG,SC-SUS-0023,2024-10-01,4.211979473012667
SRG,SC-SUS-0023,2024-11-01,3.481002573920888
SRG,SC-SUS-0023,2024-12-01,1.3007778958578347
DPS,SC-ENG-0009,2024-01-01,0.07373086219271947
DPS,SC-ENG-0009,2024-02-01,0.05469642818280883
DPS,SC-ENG-0009,2024-03-01,0.059620813934915105
DPS,SC-ENG-0009,2024-04-01,0.49463368306463384
DPS,SC-ENG-0009,2024-05-01,0.058676421999898976
DPS,SC-ENG-0009,2024-06-01,0.5363145790490769
DPS,SC-ENG-0009,2024-07-01,0.05861321685333398
DPS,SC-ENG-0009,2024-08-01,1.0101841446187547
DPS,SC-ENG-0009,2024-09-01,0.10353898999247474
DPS,SC-ENG-0009,2024-10-01,0.05860842205454726
DPS,SC-ENG-0009,2024-11-01,0.05860939152164686
DPS,SC-ENG-0009,2024-12-01,0.058605996290607094
BTH,SC-SUS-0011,2024-01-01,-0.015624320265403027
BTH,SC-SUS-0011,2024-02-01,1.6036614210320457
BTH,SC-SUS-0011,2024-03-01,1.0051442115749945
BTH,SC-SUS-0011,2024-04-01,0.586528517939719
BTH,SC-SUS-0011,2024-05-01,0.09556079132603124
BTH,SC-SUS-0011,2024-06-01,-0.591689166063425
BTH,SC-SUS-0011,2024-07-01,0.09250001963991072
BTH,SC-SUS-0011,2024-08-01,-0.606685851694184
BTH,SC-SUS-0011,2024-09-01,-0.6065071736466092
BTH,SC-SUS-0011,2024-10-01,-0.6068196174638661
BTH,SC-SUS-0011,2024-11-01,0.15592682840181382
BTH,SC-SUS-0011,2024-12-01,-0.2599309087137067
KDI,SC-FLT-0004,2024-01-01,-1.6572307841412561
KDI,SC-FLT-0004,2024-02-01,1.3023885593469693
KDI,SC-FLT-0004,2024-03-01,1.8704851881787787
KDI,SC-FLT-0004,2024-04-01,0.16748388387824154
KDI,SC-FLT-0004,2024-05-01,8.258730511752319
KDI,SC-FLT-0004,2024-06-01,-0.5887693923920914
KDI,SC-FLT-0004,2024-07-01,-0.9081681553047651
KDI,SC-FLT-0004,2024-08-01,-0.588633910899458
KDI,SC-FLT-0004,2024-09-01,1.692392704119737
KDI,SC-FLT-0004,2024-10-01,-0.588930850978837
KDI,SC-FLT-0004,2024-11-01,-1.1321117842648745
KDI,SC-FLT-0004,2024-12-01,0.9538245268241377
BTH,SC-SUS-0023,2024-01-01,0.03982004929609264
BTH,SC-SUS-0023,2024-02-01,0.0886081250303047
BTH,SC-SUS-0023,2024-03-01,0.08964553546789063
BTH,SC-SUS-0023,2024-04-01,0.4328755797334618
BTH,SC-SUS-0023,2024-05-01,1.8322290187437893
BTH,SC-SUS-0023,2024-06-01,0.3372138369907709
BTH,SC-SUS-0023,2024-07-01,8.469213255987093
BTH,SC-SUS-0023,2024-08-01,-0.72883088637046
BTH,SC-SUS-0023,2024-09-01,-0.3195631807748869
BTH,SC-SUS-0023,2024-10-01,5.898213883753074
BTH,SC-SUS-0023,2024-11-01,0.9181004965447004
BTH,SC-SUS-0023,2024-12-01,1.832985340530712
CRB,SC-SUS-0005,2024-01-01,-1.3478553193185827
CRB,SC-SUS-0005,2024-02-01,-1.7475415413207047
CRB,SC-SUS-0005,2024-03-01,1.5377486070236093
CRB,SC-SUS-0005,2024-04-01,-1.7051707810896177
CRB,SC-SUS-0005,2024-05-01,-1.3743319275196342
CRB,SC-SUS-0005,2024-06-01,-0.11104310350281121
CRB,SC-SUS-0005,2024-07-01,-1.7646167940611983
CRB,SC-SUS-0005,2024-08-01,0.6798749588349617
CRB,SC-SUS-0005,2024-09-01,-0.5644652309756839
CRB,SC-SUS-0005,2024-10-01,-1.0464082704254567
CRB,SC-SUS-0005,2024-11-01,1.0423143528949619
CRB,SC-SUS-0005,2024-12-01,-0.21879472528560706
JKT,SC-HYD-0009,2024-01-01,0.29919625387381565
JKT,SC-HYD-0009,2024-02-01,3.850917301710399
JKT,SC-HYD-0009,2024-03-01,0.30827372312260914
JKT,SC-HYD-0009,2024-04-01,0.30822565262267637
JKT,SC-HYD-0009,2024-05-01,5.81027554140021
JKT,SC-HYD-0009,2024-06-01,0.30822673418742674
JKT,SC-HYD-0009,2024-07-01,0.2875049892043425
JKT,SC-HYD-0009,2024-08-01,4.40295342917719
JKT,SC-HYD-0009,2024-09-01,1.3580532105921992
JKT,SC-HYD-0009,2024-10-01,11.292321308987399
JKT,SC-HYD-0009,2024-11-01,0.06800828652853852
JKT,SC-HYD-0009,2024-12-01,0.007962708497192175
MLG,SC-ELC-0006,2024-01-01,0.5178106319295193
MLG,SC-ELC-0006,2024-02-01,2.009761797598556
MLG,SC-ELC-0006,2024-03-01,0.16869306151679808
MLG,SC-ELC-0006,2024-04-01,5.8529289622629666
MLG,SC-ELC-0006,2024-05-01,1.3487278992739373
MLG,SC-ELC-0006,2024-06-01,0.9528045368959983
MLG,SC-ELC-0006,2024-07-01,1.3430994454082938
MLG,SC-ELC-0006,2024-08-01,2.3508640419097766
MLG,SC-ELC-0006,2024-09-01,1.3376625687386492
MLG,SC-ELC-0006,2024-10-01,1.3609752853184016
MLG,SC-ELC-0006,2024-11-01,6.317203786578538
MLG,SC-ELC-0006,2024-12-01,2.202936526294046
BDG,SC-ENG-0011,2024-01-01,2.68431000732581
BDG,SC-ENG-0011,2024-02-01,0.1957511533766212
BDG,SC-ENG-0011,2024-03-01,1.117201961545851
BDG,SC-ENG-0011,2024-04-01,0.8217676074520781
BDG,SC-ENG-0011,2024-05-01,0.19245069420209981
BDG,SC-ENG-0011,2024-06-01,-0.9163991511357068
BDG,SC-ENG-0011,2024-07-01,0.1924574436023403
BDG,SC-ENG-0011,2024-08-01,1.4509704525677811
BDG,SC-ENG-0011,2024-09-01,0.19241770937113678
BDG,SC-ENG-0011,2024-10-01,0.8220212538852469
BDG,SC-ENG-0011,2024-11-01,0.19009130530464313
BDG,SC-ENG-0011,2024-12-01,0.8397948536538216
SMG,SC-SUS-0003,2024-01-01,0.5510394510673491
SMG,SC-SUS-0003,2024-02-01,3.6027844161351332
SMG,SC-SUS-0003,2024-03-01,0.5489015024840453
SMG,SC-SUS-0003,2024-04-01,0.5489014927106618
SMG,SC-SUS-0003,2024-05-01,2.9882315862656785
SMG,SC-SUS-0003,2024-06-01,3.1948671820739065
SMG,SC-SUS-0003,2024-07-01,4.677142459931664
SMG,SC-SUS-0003,2024-08-01,0.9425521157092063
SMG,SC-SUS-0003,2024-09-01,5.086820884173121
SMG,SC-SUS-0003,2024-10-01,4.404721964692421
SMG,SC-SUS-0003,2024-11-01,0.6504666312350116
SMG,SC-SUS-0003,2024-12-01,0.5489012565648103
MKS,SC-SUS-0011,2024-01-01,18.71832105019568
MKS,SC-SUS-0011,2024-02-01,3.8610102846843204
MKS,SC-SUS-0011,2024-03-01,19.00974259515627
MKS,SC-SUS-0011,2024-04-01,5.864861727318598
MKS,SC-SUS-0011,2024-05-01,4.051453554899179
MKS,SC-SUS-0011,2024-06-01,10.029182030341985
MKS,SC-SUS-0011,2024-07-01,4.532390913879894
MKS,SC-SUS-0011,2024-08-01,10.08663617178733
MKS,SC-SUS-0011,2024-09-01,17.47728950245382
MKS,SC-SUS-0011,2024-10-01,4.215827762160054
MKS,SC-SUS-0011,2024-11-01,9.270924179303341
MKS,SC-SUS-0011,2024-12-01,4.068096071946213
PLU,SC-ENG-0009,2024-01-01,1.5796126697894826
PLU,SC-ENG-0009,2024-02-01,-0.035631654842767535
PLU,SC-ENG-0009,2024-03-01,0.35535654071350564
PLU,SC-ENG-0009,2024-04-01,-0.38551094981266754
PLU,SC-ENG-0009,2024-05-01,4.0602773423926415
PLU,SC-ENG-0009,2024-06-01,-0.03704808943456639
PLU,SC-ENG-0009,2024-07-01,-0.42172137434683066
PLU,SC-ENG-0009,2024-08-01,0.11427271401958805
PLU,SC-ENG-0009,2024-09-01,-0.03703050795195183
PLU,SC-ENG-0009,2024-10-01,-0.0370318262551901
PLU,SC-ENG-0009,2024-11-01,1.0615275668311561
PLU,SC-ENG-0009,2024-12-01,2.525947613551433
DPS,SC-FUE-0014,2024-01-01,0.20638493233195937
DPS,SC-FUE-0014,2024-02-01,0.8370779147071219
DPS,SC-FUE-0014,2024-03-01,0.8369217870387926
DPS,SC-FUE-0014,2024-04-01,2.56195091505966
DPS,SC-FUE-0014,2024-05-01,0.14760921255969228
DPS,SC-FUE-0014,2024-06-01,0.08545979418323453
DPS,SC-FUE-0014,2024-07-01,0.20975530356947725
DPS,SC-FUE-0014,2024-08-01,0.20975529644127047
DPS,SC-FUE-0014,2024-09-01,0.08545994622247666
DPS,SC-FUE-0014,2024-10-01,0.14760474616317415
DPS,SC-FUE-0014,2024-11-01,0.20980214435341749
DPS,SC-FUE-0014,2024-12-01,0.06336330882227076
SMD,SC-ENG-0001,2024-01-01,1.026944264829626
SMD,SC-ENG-0001,2024-02-01,0.9989605180427108
SMD,SC-ENG-0001,2024-03-01,-0.5699049538696626
SMD,SC-ENG-0001,2024-04-01,-1.3471699535820654
SMD,SC-ENG-0001,2024-05-01,1.6737911952108036
SMD,SC-ENG-0001,2024-06-01,0.996109010308573
SMD,SC-ENG-0001,2024-07-01,0.9961133254377478
SMD,SC-ENG-0001,2024-08-01,-0.9145524920821622
SMD,SC-ENG-0001,2024-09-01,3.0291754719152273
SMD,SC-ENG-0001,2024-10-01,2.740196277721431
SMD,SC-ENG-0001,2024-11-01,1.697053275893623
SMD,SC-ENG-0001,2024-12-01,3.0415633292677766
SRG,SC-SUS-0019,2024-01-01,-0.3514218005640508
SRG,SC-SUS-0019,2024-02-01,10.771852295915775
SRG,SC-SUS-0019,2024-03-01,3.1220997843767577
SRG,SC-SUS-0019,2024-04-01,0.588950565818005
SRG,SC-SUS-0019,2024-05-01,3.590762157678535
SRG,SC-SUS-0019,2024-06-01,10.135428005194152
SRG,SC-SUS-0019,2024-07-01,0.06487298439827249
SRG,SC-SUS-0019,2024-08-01,2.0331661413278344
SRG,SC-SUS-0019,2024-09-01,2.593167843617164
SRG,SC-SUS-0019,2024-10-01,5.76081349597142
SRG,SC-SUS-0019,2024-11-01,1.1970450547453249
SRG,SC-SUS-0019,2024-12-01,21.145511674123924
MRK,SC-ENG-0013,2024-01-01,2.7640894103601283
MRK,SC-ENG-0013,2024-02-01,-1.9816472164892343
MRK,SC-ENG-0013,2024-03-01,-3.052213512627075
MRK,SC-ENG-0013,2024-04-01,-3.0346233216480156
MRK,SC-ENG-0013,2024-05-01,-5.328917816216859
MRK,SC-ENG-0013,2024-06-01,22.763279076173312
MRK,SC-ENG-0013,2024-07-01,-5.240704514855382
MRK,SC-ENG-0013,2024-08-01,8.550655260314091
MRK,SC-ENG-0013,2024-09-01,-2.0158226670934853
MRK,SC-ENG-0013,2024-10-01,21.319035463475238
MRK,SC-ENG-0013,2024-11-01,6.385259675788669
MRK,SC-ENG-0013,2024-12-01,1.4692265369602726
BPN2,SC-TWA-0013,2024-01-01,-2.4086498035881476
BPN2,SC-TWA-0013,2024-02-01,9.15665306482007
BPN2,SC-TWA-0013,2024-03-01,9.640063252473233
BPN2,SC-TWA-0013,2024-04-01,13.038657810805006
BPN2,SC-TWA-0013,2024-05-01,3.544068047577479
BPN2,SC-TWA-0013,2024-06-01,0.30048462435609524
BPN2,SC-TWA-0013,2024-07-01,0.9161583430681991
BPN2,SC-TWA-0013,2024-08-01,0.2830403727820583
BPN2,SC-TWA-0013,2024-09-01,5.334396854935001
BPN2,SC-TWA-0013,2024-10-01,7.036330141296471
BPN2,SC-TWA-0013,2024-11-01,1.4770598442776972
BPN2,SC-TWA-0013,2024-12-01,36.575442267548915
SBY,SC-TWA-0011,2024-01-01,-1.6714545030192092
SBY,SC-TWA-0011,2024-02-01,3.0214633628828356
SBY,SC-TWA-0011,2024-03-01,16.69825587481751
SBY,SC-TWA-0011,2024-04-01,17.22954030257838
SBY,SC-TWA-0011,2024-05-01,10.455039823236062
SBY,SC-TWA-0011,2024-06-01,1.1004266289988816
SBY,SC-TWA-0011,2024-07-01,1.0993571912107742
SBY,SC-TWA-0011,2024-08-01,1.7470934639799376
SBY,SC-TWA-0011,2024-09-01,1.148273260852387
SBY,SC-TWA-0011,2024-10-01,10.327903234703008
SBY,SC-TWA-0011,2024-11-01,1.8604575408483557
SBY,SC-TWA-0011,2024-12-01,23.10483623207726
YGY,SC-FLT-0014,2024-01-01,-0.2556356135038058
YGY,SC-FLT-0014,2024-02-01,-0.14432413890319218
YGY,SC-FLT-0014,2024-03-01,-0.1498174027324104
YGY,SC-FLT-0014,2024-04-01,-0.14954631238180965
YGY,SC-FLT-0014,2024-05-01,-0.28568814283428734
YGY,SC-FLT-0014,2024-06-01,0.26958383563409716
YGY,SC-FLT-0014,2024-07-01,-0.14955905840311612
YGY,SC-FLT-0014,2024-08-01,-0.14955905753861481
YGY,SC-FLT-0014,2024-09-01,-0.1495590575073141
YGY,SC-FLT-0014,2024-10-01,4.02504391719463
YGY,SC-FLT-0014,2024-11-01,-0.14916971603113183
YGY,SC-FLT-0014,2024-12-01,0.6871692134482086
BTH,SC-FUE-0007,2024-01-01,0.7221267451991966
BTH,SC-FUE-0007,2024-02-01,0.317342451224782
BTH,SC-FUE-0007,2024-03-01,0.2991238100450456
BTH,SC-FUE-0007,2024-04-01,0.3019325081803009
BTH,SC-FUE-0007,2024-05-01,0.30149945511569426
BTH,SC-FUE-0007,2024-06-01,0.3015664781169488
BTH,SC-FUE-0007,2024-07-01,0.3015544599377744
BTH,SC-FUE-0007,2024-08-01,0.3015672445346805
BTH,SC-FUE-0007,2024-09-01,0.30149599139249506
BTH,SC-FUE-0007,2024-10-01,2.9167524686281903
BTH,SC-FUE-0007,2024-11-01,0.4884414924117251
BTH,SC-FUE-0007,2024-12-01,0.08383072395024227
LHK,SC-BRK-0008,2024-01-01,-2.198223924822889
LHK,SC-BRK-0008,2024-02-01,1.9138333323931769
LHK,SC-BRK-0008,2024-03-01,-1.035564415730676
LHK,SC-BRK-0008,2024-04-01,0.9324521817661509
LHK,SC-BRK-0008,2024-05-01,-0.3362679731720404
LHK,SC-BRK-0008,2024-06-01,0.8735554165996122
LHK,SC-BRK-0008,2024-07-01,-0.22317405572325666
LHK,SC-BRK-0008,2024-08-01,1.2826724154281364
LHK,SC-BRK-0008,2024-09-01,-0.03545927479277999
LHK,SC-BRK-0008,2024-10-01,1.1360563168632054
LHK,SC-BRK-0008,2024-11-01,0.5701242670548616
LHK,SC-BRK-0008,2024-12-01,-0.6084552724750285
BJM,SC-FUE-0008,2024-01-01,0.043073400215355266
BJM,SC-FUE-0008,2024-02-01,0.041692528502377015
BJM,SC-FUE-0008,2024-03-01,0.041736797317011805
BJM,SC-FUE-0008,2024-04-01,0.04173537812076708
BJM,SC-FUE-0008,2024-05-01,0.9927205079996831
BJM,SC-FUE-0008,2024-06-01,0.04173542215962804
BJM,SC-FUE-0008,2024-07-01,0.04173542220638819
BJM,SC-FUE-0008,2024-08-01,0.0417354222048891
BJM,SC-FUE-0008,2024-09-01,0.04173542220493715
BJM,SC-FUE-0008,2024-10-01,0.04173542220493678
BJM,SC-FUE-0008,2024-11-01,0.041735422204900216
BJM,SC-FUE-0008,2024-12-01,0.041735422206042976
SMD,SC-ENG-0010,2024-01-01,-0.6389938933189353
SMD,SC-ENG-0010,2024-02-01,-0.597119827066983
SMD,SC-ENG-0010,2024-03-01,-0.6012735126972132
SMD,SC-ENG-0010,2024-04-01,-1.3942072700928514
SMD,SC-ENG-0010,2024-05-01,-0.6009108021779174
SMD,SC-ENG-0010,2024-06-01,0.5386348408718054
SMD,SC-ENG-0010,2024-07-01,0.5386411266273132
SMD,SC-ENG-0010,2024-08-01,-0.6010207279811344
SMD,SC-ENG-0010,2024-09-01,-3.1439042480462964
SMD,SC-ENG-0010,2024-10-01,-0.6011097623038175
SMD,SC-ENG-0010,2024-11-01,-0.5999247328227371
SMD,SC-ENG-0010,2024-12-01,-0.6103973932690561
PDG,SC-ENG-0015,2024-01-01,0.0564526995721938
PDG,SC-ENG-0015,2024-02-01,0.06126839794530769
PDG,SC-ENG-0015,2024-03-01,1.4130934446814227
PDG,SC-ENG-0015,2024-04-01,2.290969378970936
PDG,SC-ENG-0015,2024-05-01,0.06315676715288682
PDG,SC-ENG-0015,2024-06-01,0.06318790177449599
PDG,SC-ENG-0015,2024-07-01,0.06319281760220044
PDG,SC-ENG-0015,2024-08-01,0.06318018814908198
PDG,SC-ENG-0015,2024-09-01,0.06312757731205208
PDG,SC-ENG-0015,2024-10-01,0.06294152223699048
PDG,SC-ENG-0015,2024-11-01,0.06229114398307588
PDG,SC-ENG-0015,2024-12-01,0.07713585826319454
KDI,SC-FUE-0006,2024-01-01,-0.05243467259569756
KDI,SC-FUE-0006,2024-02-01,-0.06196202539431059
KDI,SC-FUE-0006,2024-03-01,-0.06455868116811822
KDI,SC-FUE-0006,2024-04-01,-0.06526633613436056
KDI,SC-FUE-0006,2024-05-01,-0.06545902509711982
KDI,SC-FUE-0006,2024-06-01,-0.14532562248135517
KDI,SC-FUE-0006,2024-07-01,-0.14533636866872268
KDI,SC-FUE-0006,2024-08-01,-0.06551212865300493
KDI,SC-FUE-0006,2024-09-01,-0.06546490332537311
KDI,SC-FUE-0006,2024-10-01,-0.0652882275597995
KDI,SC-FUE-0006,2024-11-01,0.07307692480968922
KDI,SC-FUE-0006,2024-12-01,-0.062257320724284776
KDI,SC-ENG-0010,2024-01-01,-0.14741710324913637
KDI,SC-ENG-0010,2024-02-01,-0.8931483437481653
KDI,SC-ENG-0010,2024-03-01,-0.526475002808106
KDI,SC-ENG-0010,2024-04-01,-0.15894836405236057
KDI,SC-ENG-0010,2024-05-01,-0.15900523599746474
KDI,SC-ENG-0010,2024-06-01,-0.01624125474443036
KDI,SC-ENG-0010,2024-07-01,-0.15910728078532613
KDI,SC-ENG-0010,2024-08-01,-1.201272379596987
KDI,SC-ENG-0010,2024-09-01,-0.15907439939738022
KDI,SC-ENG-0010,2024-10-01,6.209319374319212
KDI,SC-ENG-0010,2024-11-01,-0.15886266202330157
KDI,SC-ENG-0010,2024-12-01,-0.15772132232033276
KPG,SC-BRK-0008,2024-01-01,0.0008186433383096486
KPG,SC-BRK-0008,2024-02-01,-0.6611205166367919
KPG,SC-BRK-0008,2024-03-01,-0.6954037768939755
KPG,SC-BRK-0008,2024-04-01,-0.7042755026451097
KPG,SC-BRK-0008,2024-05-01,2.1250094327506663
KPG,SC-BRK-0008,2024-06-01,4.18510555807122
KPG,SC-BRK-0008,2024-07-01,0.8537789509374365
KPG,SC-BRK-0008,2024-08-01,-0.7007890806206669
KPG,SC-BRK-0008,2024-09-01,-0.7073533121240445
KPG,SC-BRK-0008,2024-10-01,-0.7073085738539904
KPG,SC-BRK-0008,2024-11-01,-0.26277259796411434
KPG,SC-BRK-0008,2024-12-01,-0.7064212739523692
KPG,SC-TWA-0005,2024-01-01,0.22560126414092654
KPG,SC-TWA-0005,2024-02-01,0.7886781046832416
KPG,SC-TWA-0005,2024-03-01,0.2103730540027937
KPG,SC-TWA-0005,2024-04-01,0.21022027278857025
KPG,SC-TWA-0005,2024-05-01,0.2102724387339624
KPG,SC-TWA-0005,2024-06-01,1.3698466227131492
KPG,SC-TWA-0005,2024-07-01,0.20965937604377194
KPG,SC-TWA-0005,2024-08-01,0.1959901321423559
KPG,SC-TWA-0005,2024-09-01,0.20966433173293478
KPG,SC-TWA-0005,2024-10-01,0.4730427151079294
KPG,SC-TWA-0005,2024-11-01,0.20466713286607868
KPG,SC-TWA-0005,2024-12-01,0.20887107564126728
PDG,SC-SUS-0012,2024-01-01,0.8229601796759588
PDG,SC-SUS-0012,2024-02-01,0.7907776170813544
PDG,SC-SUS-0012,2024-03-01,0.7915250801558793
PDG,SC-SUS-0012,2024-04-01,0.7968817792792356
PDG,SC-SUS-0012,2024-05-01,0.7915047770473039
PDG,SC-SUS-0012,2024-06-01,34.93157280189702
PDG,SC-SUS-0012,2024-07-01,0.7968822660098978
PDG,SC-SUS-0012,2024-08-01,0.38012230355764964
PDG,SC-SUS-0012,2024-09-01,0.7968822411253953
PDG,SC-SUS-0012,2024-10-01,0.7968822227259212
PDG,SC-SUS-0012,2024-11-01,4.3280570842111175
PDG,SC-SUS-0012,2024-12-01,0.7968821900970245
BKL,SC-FUE-0012,2024-01-01,1.8611474565596673
BKL,SC-FUE-0012,2024-02-01,0.08312976091680502
BKL,SC-FUE-0012,2024-03-01,0.08321813620951457
BKL,SC-FUE-0012,2024-04-01,0.08321530128175532
BKL,SC-FUE-0012,2024-05-01,0.08321539222137384
BKL,SC-FUE-0012,2024-06-01,0.08321538930418676
BKL,SC-FUE-0012,2024-07-01,0.08321538939776525
BKL,SC-FUE-0012,2024-08-01,0.08321538939476375
BKL,SC-FUE-0012,2024-09-01,0.08321538939485297
BKL,SC-FUE-0012,2024-10-01,0.08321538939506935
BKL,SC-FUE-0012,2024-11-01,0.08321538938821123
BKL,SC-FUE-0012,2024-12-01,0.08321538960211718
BDG,SC-FUE-0008,2024-01-01,0.043073400215355266
BDG,SC-FUE-0008,2024-02-01,0.041692528502377015
BDG,SC-FUE-0008,2024-03-01,0.041736797317011805
BDG,SC-FUE-0008,2024-04-01,0.04173537812076708
BDG,SC-FUE-0008,2024-05-01,0.9927205079996831
BDG,SC-FUE-0008,2024-06-01,0.04173542215962804
BDG,SC-FUE-0008,2024-07-01,0.04173542220638819
BDG,SC-FUE-0008,2024-08-01,0.0417354222048891
BDG,SC-FUE-0008,2024-09-01,0.04173542220493715
BDG,SC-FUE-0008,2024-10-01,0.04173542220493678
BDG,SC-FUE-0008,2024-11-01,0.041735422204900216
BDG,SC-FUE-0008,2024-12-01,0.041735422206042976
PTK,SC-ENG-0010,2024-01-01,1.5943889651893857
PTK,SC-ENG-0010,2024-02-01,1.4270314163625064
PTK,SC-ENG-0010,2024-03-01,1.4533952316528644
PTK,SC-ENG-0010,2024-04-01,0.2962182274058227
PTK,SC-ENG-0010,2024-05-01,3.013831251207562
PTK,SC-ENG-0010,2024-06-01,1.3393809898756626
PTK,SC-ENG-0010,2024-07-01,2.4924293915011937
PTK,SC-ENG-0010,2024-08-01,1.4497822340441366
PTK,SC-ENG-0010,2024-09-01,1.4499301259942379
PTK,SC-ENG-0010,2024-10-01,1.448960744910762
PTK,SC-ENG-0010,2024-11-01,7.189788918339139
PTK,SC-ENG-0010,2024-12-01,1.4137287718408729
MND,SC-FUE-0012,2024-01-01,-0.20302186061537675
MND,SC-FUE-0012,2024-02-01,-0.16926353713393535
MND,SC-FUE-0012,2024-03-01,-0.16806874713879047
MND,SC-FUE-0012,2024-04-01,-0.16802646069898944
MND,SC-FUE-0012,2024-05-01,-0.16802496418803847
MND,SC-FUE-0012,2024-06-01,-0.16802468025960177
MND,SC-FUE-0012,2024-07-01,-0.008173496475310738
MND,SC-FUE-0012,2024-08-01,-0.8991892462362084
MND,SC-FUE-0012,2024-09-01,-0.16802880879042736
MND,SC-FUE-0012,2024-10-01,-0.16802386781886827
MND,SC-FUE-0012,2024-11-01,-0.16799371030614985
MND,SC-FUE-0012,2024-12-01,-0.5140911702043458
MRK,SC-FUE-0012,2024-01-01,0.2006379251901604
MRK,SC-FUE-0012,2024-02-01,0.19303895768490312
MRK,SC-FUE-0012,2024-03-01,1.231880506162342
MRK,SC-FUE-0012,2024-04-01,0.1968698865175318
MRK,SC-FUE-0012,2024-05-01,1.728427938888046
MRK,SC-FUE-0012,2024-06-01,0.193318024962448
MRK,SC-FUE-0012,2024-07-01,0.6161040441243242
MRK,SC-FUE-0012,2024-08-01,0.19331802463273057
MRK,SC-FUE-0012,2024-09-01,0.19331802838879367
MRK,SC-FUE-0012,2024-10-01,0.19331803392651606
MRK,SC-FUE-0012,2024-11-01,2.8921813651091886
MRK,SC-FUE-0012,2024-12-01,0.1933219294001174
DPS,SC-SUS-0012,2024-01-01,0.020707531308185076
DPS,SC-SUS-0012,2024-02-01,0.11423551154579728
DPS,SC-SUS-0012,2024-03-01,0.06896749596568663
DPS,SC-SUS-0012,2024-04-01,0.09087713845690322
DPS,SC-SUS-0012,2024-05-01,-0.06401082462414011
DPS,SC-SUS-0012,2024-06-01,-0.2031607983137215
DPS,SC-SUS-0012,2024-07-01,0.08292050038098339
DPS,SC-SUS-0012,2024-08-01,-0.6372969122435516
DPS,SC-SUS-0012,2024-09-01,0.08355551286384322
DPS,SC-SUS-0012,2024-10-01,0.24299403249317864
DPS,SC-SUS-0012,2024-11-01,0.08376137305264322
DPS,SC-SUS-0012,2024-12-01,0.2428045082875231
KPG,SC-ENG-0015,2024-01-01,0.1906323000403842
KPG,SC-ENG-0015,2024-02-01,0.18843302022352398
KPG,SC-ENG-0015,2024-03-01,0.1884710714792369
KPG,SC-ENG-0015,2024-04-01,0.1884711096564852
KPG,SC-ENG-0015,2024-05-01,0.47925721969162427
KPG,SC-ENG-0015,2024-06-01,0.188471106031741
KPG,SC-ENG-0015,2024-07-01,0.18847210922783494
KPG,SC-ENG-0015,2024-08-01,2.2735574413639537
KPG,SC-ENG-0015,2024-09-01,0.1884721181002611
KPG,SC-ENG-0015,2024-10-01,0.1884702535997341
KPG,SC-ENG-0015,2024-11-01,0.18847977917389944
KPG,SC-ENG-0015,2024-12-01,0.18793013388987126
SMG,SC-FLT-0014,2024-01-01,-0.13062075996347655
SMG,SC-FLT-0014,2024-02-01,2.601390127641066
SMG,SC-FLT-0014,2024-03-01,0.5059012572453132
SMG,SC-FLT-0014,2024-04-01,0.5059404982866736
SMG,SC-FLT-0014,2024-05-01,0.5059421516860884
SMG,SC-FLT-0014,2024-06-01,0.652349264319432
SMG,SC-FLT-0014,2024-07-01,0.5059423960786177
SMG,SC-FLT-0014,2024-08-01,1.9035010626731403
SMG,SC-FLT-0014,2024-09-01,0.5059426528682822
SMG,SC-FLT-0014,2024-10-01,-0.003274257558663507
SMG,SC-FLT-0014,2024-11-01,0.5059469790291478
SMG,SC-FLT-0014,2024-12-01,0.506039035758839
BKL,SC-TWA-0005,2024-01-01,-0.054774049637404135
BKL,SC-TWA-0005,2024-02-01,-0.17488378539030408
BKL,SC-TWA-0005,2024-03-01,-0.16191406361718375
BKL,SC-TWA-0005,2024-04-01,-0.163315231869449
BKL,SC-TWA-0005,2024-05-01,-0.32928381258328665
BKL,SC-TWA-0005,2024-06-01,-0.16318033854100408
BKL,SC-TWA-0005,2024-07-01,-0.16317784330231855
BKL,SC-TWA-0005,2024-08-01,-0.16317866233667278
BKL,SC-TWA-0005,2024-09-01,-0.16317320276200462
BKL,SC-TWA-0005,2024-10-01,-0.16322353372951262
BKL,SC-TWA-0005,2024-11-01,-0.16275885647049138
BKL,SC-TWA-0005,2024-12-01,-0.9976926401071873
